/*
 Navicat Premium Data Transfer

 Source Server         : jdzmysql
 Source Server Type    : MySQL
 Source Server Version : 80034 (8.0.34-0ubuntu0.22.04.1)
 Source Host           : 43.228.85.70:3306
 Source Schema         : motorcare

 Target Server Type    : MySQL
 Target Server Version : 80034 (8.0.34-0ubuntu0.22.04.1)
 File Encoding         : 65001

 Date: 08/10/2023 16:03:55
*/

SET NAMES utf8mb4;
SET FOREIGN_KEY_CHECKS = 0;

-- ----------------------------
-- Table structure for Bike_repair
-- ----------------------------
DROP TABLE IF EXISTS `Bike_repair`;
CREATE TABLE `Bike_repair` (
  `bp_id` int NOT NULL AUTO_INCREMENT,
  `user_id` int DEFAULT '0',
  `bp_name` varchar(50) DEFAULT NULL,
  `bp_phone` char(10) DEFAULT NULL,
  `bp_details` text,
  `bp_open` time DEFAULT NULL,
  `bp_close` time DEFAULT NULL,
  `bp_state` int DEFAULT '0',
  `bp_lat` varchar(50) DEFAULT NULL,
  `bp_lng` varchar(50) DEFAULT NULL,
  `bp_count_use` int DEFAULT '0',
  PRIMARY KEY (`bp_id`),
  KEY `userKey` (`user_id`),
  CONSTRAINT `userKey` FOREIGN KEY (`user_id`) REFERENCES `User` (`user_id`) ON DELETE CASCADE ON UPDATE RESTRICT
) ENGINE=InnoDB AUTO_INCREMENT=10 DEFAULT CHARSET=tis620;

-- ----------------------------
-- Records of Bike_repair
-- ----------------------------
BEGIN;
INSERT INTO `Bike_repair` (`bp_id`, `user_id`, `bp_name`, `bp_phone`, `bp_details`, `bp_open`, `bp_close`, `bp_state`, `bp_lat`, `bp_lng`, `bp_count_use`) VALUES (1, 7, 'ร้านซ่อมมอเตอร์ไซค์พี่บีมอ', '0985467890', NULL, '09:00:00', '18:00:00', 0, '7.000322437764077', '100.49198694532629', 3);
INSERT INTO `Bike_repair` (`bp_id`, `user_id`, `bp_name`, `bp_phone`, `bp_details`, `bp_open`, `bp_close`, `bp_state`, `bp_lat`, `bp_lng`, `bp_count_use`) VALUES (2, 8, 'ร้านช่างตี้มอเตอร์ไซค์', '0984593289', NULL, '08:30:00', '17:30:00', 0, '7.000504133861651', '100.49419373279413', 0);
INSERT INTO `Bike_repair` (`bp_id`, `user_id`, `bp_name`, `bp_phone`, `bp_details`, `bp_open`, `bp_close`, `bp_state`, `bp_lat`, `bp_lng`, `bp_count_use`) VALUES (3, 9, 'ร้านช่างจู๊ด', '0897658909', NULL, '10:00:00', '17:00:00', 0, '6.996795655918778', '100.4916382581544', 0);
INSERT INTO `Bike_repair` (`bp_id`, `user_id`, `bp_name`, `bp_phone`, `bp_details`, `bp_open`, `bp_close`, `bp_state`, `bp_lat`, `bp_lng`, `bp_count_use`) VALUES (4, 10, 'ช่างเทน เซอร์วิสหาดใหญ่', '0945890982', NULL, '10:00:00', '17:00:00', 0, '7.012590425888277', '100.48535798428674', 0);
INSERT INTO `Bike_repair` (`bp_id`, `user_id`, `bp_name`, `bp_phone`, `bp_details`, `bp_open`, `bp_close`, `bp_state`, `bp_lat`, `bp_lng`, `bp_count_use`) VALUES (5, 11, 'ช่างเดี่ยวเซอร์วิส', '0989789098', NULL, '09:00:00', '18:00:00', 0, '6.99818733693373', '100.47974534338373', 0);
INSERT INTO `Bike_repair` (`bp_id`, `user_id`, `bp_name`, `bp_phone`, `bp_details`, `bp_open`, `bp_close`, `bp_state`, `bp_lat`, `bp_lng`, `bp_count_use`) VALUES (6, 12, 'เออีโอ มอเตอร์สปอร์ต', '0985664732', NULL, '09:00:00', '18:00:00', 0, '7.014167743739746', '100.49243889754723', 3);
INSERT INTO `Bike_repair` (`bp_id`, `user_id`, `bp_name`, `bp_phone`, `bp_details`, `bp_open`, `bp_close`, `bp_state`, `bp_lat`, `bp_lng`, `bp_count_use`) VALUES (7, 13, 'Pop Up Shop', '0657556849', NULL, '09:00:00', '18:00:00', 0, '7.019960514056645', '100.49750827271585', 0);
COMMIT;

-- ----------------------------
-- Table structure for Damage
-- ----------------------------
DROP TABLE IF EXISTS `Damage`;
CREATE TABLE `Damage` (
  `id` int NOT NULL AUTO_INCREMENT,
  `bp_id` int DEFAULT '0',
  `user_id` int DEFAULT '0',
  `dm_brand` varchar(20) DEFAULT NULL,
  `dm_color` varchar(20) CHARACTER SET tis620 COLLATE tis620_thai_ci DEFAULT NULL,
  `dm_details` text,
  `dm_picture` json DEFAULT NULL,
  `dm_vehicle` varchar(10) DEFAULT NULL,
  `dm_status` int DEFAULT '1',
  `dm_datedestroy` datetime DEFAULT NULL,
  PRIMARY KEY (`id`),
  KEY `userDamage Key` (`user_id`),
  KEY `bpKey` (`bp_id`),
  CONSTRAINT `bpKey` FOREIGN KEY (`bp_id`) REFERENCES `Bike_repair` (`bp_id`) ON DELETE CASCADE ON UPDATE RESTRICT,
  CONSTRAINT `userDamage Key` FOREIGN KEY (`user_id`) REFERENCES `User` (`user_id`) ON DELETE CASCADE ON UPDATE RESTRICT
) ENGINE=InnoDB AUTO_INCREMENT=19 DEFAULT CHARSET=tis620;

-- ----------------------------
-- Records of Damage
-- ----------------------------
BEGIN;
INSERT INTO `Damage` (`id`, `bp_id`, `user_id`, `dm_brand`, `dm_color`, `dm_details`, `dm_picture`, `dm_vehicle`, `dm_status`, `dm_datedestroy`) VALUES (9, 3, 6, 'test', 'test2', 'test4', '[\"iVBORw0KGgoAAAANSUhEUgAAAHwAAABiCAYAAACSwrdVAAABJGlDQ1BTa2lhAAAokX2RvUvDQBjGf5Yufg2ig4NDxi5KVVAHXaoQdJJYodUpTdMqNDFcUqpzV/8IN2fH4tC1oyA4Cf4L4uBan7RDCqU+x3v3u4f3Pt47yK0j5YsQhIlx7JJVqV5ZTMj14ojZmoPfj7SH981/8mZpvu7HnsZvRWJ0uLasi9eaY75PuTbmx5RN2TkWP4kLzQmuTXAniRLxIM33IpPyp/gwaLW97N4s+eHlhcaKYoMYB5sSFmUMLqGcBr7YosMtCTeiE1FMREsZD5qfs6ve1iygrZwpZe/Z/YKj/nA4fM28sz687MNCL/MKB7CyCINe5Bp3ZOUVuUYDfp5huQqrb1pzPX1G9hczarVGtdrcqTVVhS/nVLV6bIl2KLLN3h/Ly02cJnerCAAAAARzQklUCAgICHwIZIgAAAqbSURBVHic7Zx/TJT1H8Bfd9zBcXh4eCKIhRVOuysEWs6JjDloY7nV1pqz2ipr1JqJMk0brdiUYURomjWbhDVXWw5aQrUxQ8nRD8nSP0wskF9ycYQhP6PjuHue/nB33+4rIuidR30+r40/7vk8z+f9fp7X83w+n+fzOU6jqqqKRBi0oU5AcmuRwgVDChcMKVwwpHDBkMIFQwoXDClcMKRwwZDCBUMKFwwpXDCkcMGQwgVDChcMKVwwpHDBkMIFQwoXDClcMKRwwZDCBUMKFwwpXDCkcMGQwgVDChcMKVwwpHDBmNHCP/vsM956661Qp/GfYkYLdzqdjI6OhjqN/xQzWrgk8OhCncBkzJs3j/Hx8VCn8Z9CMxN/AcLhcBAREYFer2doaIgFCxaEOqVbRnt7O7fffjs6XXCexRnzhF+8eJH29nbcbjfff/89aWlpJCQkcOLECfLz80OdXsAZHBykubmZgYEBoqOjSUpKYu7cuezbt4/CwkLMZnNQ4oZcuKqqfPDBB/z2228sWrSI8PBw9Ho9DQ0NLFu2LKixFUWhoaGBpqYmFi9ezKpVqwgLC6O+vp6YmBhSU1ODEvfs2bN8+OGHLF68mPnz5/Prr79SVVVFVlYWiqIEJaaXkAs/duwYXV1d5Ofno9frfX92u53du3eTmJgYtNjd3d1UVlby8ssvs3v3bhYuXIjFYqGqqorc3NygxPzjjz84cOAAr732GkajEb1eT3h4OBqNhl27dvHXX38FJa6XkApXFIW6ujpUVaW4uBi3243b7cZsNpOSkkJmZibt7e1Bi+9yudBoNJjNZnQ6HYODg5SXlxMXF8fSpUuDEvPcuXNERUVRVlaGoii+c05NTSUjIwO73R7Up3xGDtrGxsbo6uri3LlznD59msLCQsLCwgIeR1EUdu7cicPhQFVVwsLCSEpKYv369YSHhwc83mQ4HA4uXLhAY2MjDz30EEuWLAlKnJAL/2d4jUYz4T7ffPMNzc3NZGdns3DhwgmPnex4776TlQcq10DUcenSJT7//HPuuOMOsrKybijOtQhZk/7nn39SVlZGb28vcOXk77nnHp555hkMBoNvv46ODj766CNSUlJ8sp1OJ5WVlTQ2NvouoEajYfXq1eTk5Pi1BoqisH//fs6fP4/FYqGgoMCvfi+vvPIKw8PDvPHGGxiNRr+y3t5eKioqsNvtvm0Gg4Hc3FysVutVdb399tu0tLSwfft25syZ48ujurqaY8eO+XKOiIggLy+PO++80+/4d999l99//501a9ZM/YJOkZAI7+/v59VXXyU5OZkNGzYQHh6O3W7nvffeY+vWrezYsYOYmBg8Hg8HDx7EYrHw7LPPAnD06FGOHDmCoijce++9pKamotVqOXnyJNXV1Rw9epSioiJMJhMA9fX1jI2NUVpaSm1tLQcOHGDjxo1X5TQ+Po7L5bqq1aitraW6upqoqCgeeeQRYmNj6e/vp6amhj179mCz2di0aZPfMW63G5fL5bdt79699PT0kJeXR0JCAk6nk48//piSkhLWrVvHihUrADh8+DAOh4ONGzf6ziGQhET48ePHiY+P54UXXvBts1qtbNmyheLiYk6fPs3y5ct555138Hg8bNmyhYiICABWrFiBqqpkZmYSGRnpOz49PZ1ffvmFvXv38sknn/Dcc88BV1oSk8mE0WjEYrHQ0tIy5Ty7u7upqalh2bJlPPXUU36TIRkZGezbt4+mpib6+vqwWCzXrKejo4PW1lZef/11Zs2ahUajwWQysWHDBl588UUOHTrE8uXL+eKLL/j666/Jzc3FZrNNOc/pEJK59M7OTgYHB9m8eTPbtm3D6XQCUFdXh16vx2q10tXVhd1uJz093dcsAphMJnJycvxke7n77ruJj4/np59+8i26ZGZm0traSkFBAYcPH55Wng0NDXg8Hmw221WDRp1Ox7p164Arr5aT0dfXB0BxcTGbNm2itrYWgNbWVgAeffRRNBoNp06dYt68eSQnJ9/0eONahER4bGwsOp2OXbt2cdttt3H27FmqqqpobGzkpZdeIiEhAavVSmpqKl9++SXDw8N+x58/f54333yTsrIyOjs7/coMBgOqqvpuIrPZTFFREfn5+Xg8nmnlef/995OTk0NlZSUFBQX8/PPPfuXevv7ChQuT1mMymRgfH2fr1q3k5eVx8uRJ+vv72bNnDytXruSBBx5Ao9Gwfv16enp6OHPmzLTynA4hEZ6VlcXw8DAHDx6kpaWFpKQkvvvuOywWi99Ei8FgwOPx+C2RDg8Ps3//flavXk12djalpaXXfW/V6/XMnj172nkmJSWRnZ2N1WpFVVUGBgb8yr1P4fUmS+666y4SExM5dOgQn376qe98NRoNjz32mG+/mJgYAIaGhqad61QJSR++YMECCgsLuXjxIjk5OcyZMwe3201iYiJa7eT3oNPpRK/XY7PZcLlceDyeqwZagcLlclFSUoLZbGbHjh2+ccR00el0bN68mebmZsLDw1myZAnl5eXodLpb/r4fsteyuLg44uLifJ9VVZ3SCpGqqoyMjLB9+3Y8Hg9Lly697k1yo3R1dXH58mWysrJuWLaXyMhIUlJSfJ/dbvfNpndDhHwufTK8F2UioQkJCTz88MPEx8cHJNY/3+e9eJvqM2fO0N/fT1ZWFnPnzr1uXd4uZroDr7GxMYCgzCp6mbHfeFEUhe7ubnQ6HdHR0b7tXvk6nW5C2ROJm0osl8vlW8j4JxEREaxcuRK3201FRcWU6hoYGECv1xMVFTXlHAB++OEHgCndVDdKyJ/wtrY24H9NdVtbG06nk4aGBjo7O8nIyPBrTo1GI1qtlqamJlpbW/3Eejwe+vv7MRgMfhfbbrczMjICXBkDeGMCjI6OUltby9jYGGvXrvXrVvR6PfHx8aSnp5OYmEh5efmE5+B2u31519XVcenSJR588MEJ++eRkRF6e3sZHR1FURTa2tpQFIWOjg6OHDlCZGQkixYtusGreX1COpeuqqrf5IsXrVbLrFmzsFqtPPnkk+j1er/yb7/9lpqaGoaGhvxG6FqtltmzZ7N27VrS0tJ820tKSq656hYWFkZ0dDRpaWmsWbPGr/sYGxujqKgIi8XC5cuXsVqtPPHEE75yl8tFXl6eX3yTyURycjKPP/74hGOSH3/8ccIbJyIigtjYWHJzc5k/f/6EuQaCkC+ezHS8XYvRaPSbAPq3IoXfBKqqUl9fz6lTp7jvvvvIzs5Gq9XS19fHiRMnWLVq1Yy7SWbsoO3fQHt7O1999RXbtm3j+PHjtLe3o6oqFRUV9PT0zDjZIIXfFG63m6ioKBRFwWg0otFoeP/997Hb7Tz99NOhTm9CZJN+EyiKQmlpKZ2dnSiKglarxWaz8fzzz9/0RE2wkMJvElVVcblcKIpCWFjYLZ8qnS5SuGDIPlwwpHDBkMIFQwoXDClcMKRwwZDCBUMKFwwpXDCkcMGQwgVDChcMKVwwpHDBkMIFQwoXDClcMKRwwZDCBSNg/1u2c+fOQFUlCSIBE+5wOAJVlSSIBOxbq///M1WSmYn8mrJgyEGbYEjhgiGFC4YULhhSuGBI4YIhhQuGFC4YUrhgSOGCIYULhhQuGFK4YEjhgiGFC8bf8Zz4UtddheEAAAAASUVORK5CYII=\", \"iVBORw0KGgoAAAANSUhEUgAAAHwAAABiCAYAAACSwrdVAAABJGlDQ1BTa2lhAAAokX2RvUvDQBjGf5Yufg2ig4NDxi5KVVAHXaoQdJJYodUpTdMqNDFcUqpzV/8IN2fH4tC1oyA4Cf4L4uBan7RDCqU+x3v3u4f3Pt47yK0j5YsQhIlx7JJVqV5ZTMj14ojZmoPfj7SH981/8mZpvu7HnsZvRWJ0uLasi9eaY75PuTbmx5RN2TkWP4kLzQmuTXAniRLxIM33IpPyp/gwaLW97N4s+eHlhcaKYoMYB5sSFmUMLqGcBr7YosMtCTeiE1FMREsZD5qfs6ve1iygrZwpZe/Z/YKj/nA4fM28sz687MNCL/MKB7CyCINe5Bp3ZOUVuUYDfp5huQqrb1pzPX1G9hczarVGtdrcqTVVhS/nVLV6bIl2KLLN3h/Ly02cJnerCAAAAARzQklUCAgICHwIZIgAAAqbSURBVHic7Zx/TJT1H8Bfd9zBcXh4eCKIhRVOuysEWs6JjDloY7nV1pqz2ipr1JqJMk0brdiUYURomjWbhDVXWw5aQrUxQ8nRD8nSP0wskF9ycYQhP6PjuHue/nB33+4rIuidR30+r40/7vk8z+f9fp7X83w+n+fzOU6jqqqKRBi0oU5AcmuRwgVDChcMKVwwpHDBkMIFQwoXDClcMKRwwZDCBUMKFwwpXDCkcMGQwgVDChcMKVwwpHDBkMIFQwoXDClcMKRwwZDCBUMKFwwpXDCkcMGQwgVDChcMKVwwpHDBmNHCP/vsM956661Qp/GfYkYLdzqdjI6OhjqN/xQzWrgk8OhCncBkzJs3j/Hx8VCn8Z9CMxN/AcLhcBAREYFer2doaIgFCxaEOqVbRnt7O7fffjs6XXCexRnzhF+8eJH29nbcbjfff/89aWlpJCQkcOLECfLz80OdXsAZHBykubmZgYEBoqOjSUpKYu7cuezbt4/CwkLMZnNQ4oZcuKqqfPDBB/z2228sWrSI8PBw9Ho9DQ0NLFu2LKixFUWhoaGBpqYmFi9ezKpVqwgLC6O+vp6YmBhSU1ODEvfs2bN8+OGHLF68mPnz5/Prr79SVVVFVlYWiqIEJaaXkAs/duwYXV1d5Ofno9frfX92u53du3eTmJgYtNjd3d1UVlby8ssvs3v3bhYuXIjFYqGqqorc3NygxPzjjz84cOAAr732GkajEb1eT3h4OBqNhl27dvHXX38FJa6XkApXFIW6ujpUVaW4uBi3243b7cZsNpOSkkJmZibt7e1Bi+9yudBoNJjNZnQ6HYODg5SXlxMXF8fSpUuDEvPcuXNERUVRVlaGoii+c05NTSUjIwO73R7Up3xGDtrGxsbo6uri3LlznD59msLCQsLCwgIeR1EUdu7cicPhQFVVwsLCSEpKYv369YSHhwc83mQ4HA4uXLhAY2MjDz30EEuWLAlKnJAL/2d4jUYz4T7ffPMNzc3NZGdns3DhwgmPnex4776TlQcq10DUcenSJT7//HPuuOMOsrKybijOtQhZk/7nn39SVlZGb28vcOXk77nnHp555hkMBoNvv46ODj766CNSUlJ8sp1OJ5WVlTQ2NvouoEajYfXq1eTk5Pi1BoqisH//fs6fP4/FYqGgoMCvfi+vvPIKw8PDvPHGGxiNRr+y3t5eKioqsNvtvm0Gg4Hc3FysVutVdb399tu0tLSwfft25syZ48ujurqaY8eO+XKOiIggLy+PO++80+/4d999l99//501a9ZM/YJOkZAI7+/v59VXXyU5OZkNGzYQHh6O3W7nvffeY+vWrezYsYOYmBg8Hg8HDx7EYrHw7LPPAnD06FGOHDmCoijce++9pKamotVqOXnyJNXV1Rw9epSioiJMJhMA9fX1jI2NUVpaSm1tLQcOHGDjxo1X5TQ+Po7L5bqq1aitraW6upqoqCgeeeQRYmNj6e/vp6amhj179mCz2di0aZPfMW63G5fL5bdt79699PT0kJeXR0JCAk6nk48//piSkhLWrVvHihUrADh8+DAOh4ONGzf6ziGQhET48ePHiY+P54UXXvBts1qtbNmyheLiYk6fPs3y5ct555138Hg8bNmyhYiICABWrFiBqqpkZmYSGRnpOz49PZ1ffvmFvXv38sknn/Dcc88BV1oSk8mE0WjEYrHQ0tIy5Ty7u7upqalh2bJlPPXUU36TIRkZGezbt4+mpib6+vqwWCzXrKejo4PW1lZef/11Zs2ahUajwWQysWHDBl588UUOHTrE8uXL+eKLL/j666/Jzc3FZrNNOc/pEJK59M7OTgYHB9m8eTPbtm3D6XQCUFdXh16vx2q10tXVhd1uJz093dcsAphMJnJycvxke7n77ruJj4/np59+8i26ZGZm0traSkFBAYcPH55Wng0NDXg8Hmw221WDRp1Ox7p164Arr5aT0dfXB0BxcTGbNm2itrYWgNbWVgAeffRRNBoNp06dYt68eSQnJ9/0eONahER4bGwsOp2OXbt2cdttt3H27FmqqqpobGzkpZdeIiEhAavVSmpqKl9++SXDw8N+x58/f54333yTsrIyOjs7/coMBgOqqvpuIrPZTFFREfn5+Xg8nmnlef/995OTk0NlZSUFBQX8/PPPfuXevv7ChQuT1mMymRgfH2fr1q3k5eVx8uRJ+vv72bNnDytXruSBBx5Ao9Gwfv16enp6OHPmzLTynA4hEZ6VlcXw8DAHDx6kpaWFpKQkvvvuOywWi99Ei8FgwOPx+C2RDg8Ps3//flavXk12djalpaXXfW/V6/XMnj172nkmJSWRnZ2N1WpFVVUGBgb8yr1P4fUmS+666y4SExM5dOgQn376qe98NRoNjz32mG+/mJgYAIaGhqad61QJSR++YMECCgsLuXjxIjk5OcyZMwe3201iYiJa7eT3oNPpRK/XY7PZcLlceDyeqwZagcLlclFSUoLZbGbHjh2+ccR00el0bN68mebmZsLDw1myZAnl5eXodLpb/r4fsteyuLg44uLifJ9VVZ3SCpGqqoyMjLB9+3Y8Hg9Lly697k1yo3R1dXH58mWysrJuWLaXyMhIUlJSfJ/dbvfNpndDhHwufTK8F2UioQkJCTz88MPEx8cHJNY/3+e9eJvqM2fO0N/fT1ZWFnPnzr1uXd4uZroDr7GxMYCgzCp6mbHfeFEUhe7ubnQ6HdHR0b7tXvk6nW5C2ROJm0osl8vlW8j4JxEREaxcuRK3201FRcWU6hoYGECv1xMVFTXlHAB++OEHgCndVDdKyJ/wtrY24H9NdVtbG06nk4aGBjo7O8nIyPBrTo1GI1qtlqamJlpbW/3Eejwe+vv7MRgMfhfbbrczMjICXBkDeGMCjI6OUltby9jYGGvXrvXrVvR6PfHx8aSnp5OYmEh5efmE5+B2u31519XVcenSJR588MEJ++eRkRF6e3sZHR1FURTa2tpQFIWOjg6OHDlCZGQkixYtusGreX1COpeuqqrf5IsXrVbLrFmzsFqtPPnkk+j1er/yb7/9lpqaGoaGhvxG6FqtltmzZ7N27VrS0tJ820tKSq656hYWFkZ0dDRpaWmsWbPGr/sYGxujqKgIi8XC5cuXsVqtPPHEE75yl8tFXl6eX3yTyURycjKPP/74hGOSH3/8ccIbJyIigtjYWHJzc5k/f/6EuQaCkC+ezHS8XYvRaPSbAPq3IoXfBKqqUl9fz6lTp7jvvvvIzs5Gq9XS19fHiRMnWLVq1Yy7SWbsoO3fQHt7O1999RXbtm3j+PHjtLe3o6oqFRUV9PT0zDjZIIXfFG63m6ioKBRFwWg0otFoeP/997Hb7Tz99NOhTm9CZJN+EyiKQmlpKZ2dnSiKglarxWaz8fzzz9/0RE2wkMJvElVVcblcKIpCWFjYLZ8qnS5SuGDIPlwwpHDBkMIFQwoXDClcMKRwwZDCBUMKFwwpXDCkcMGQwgVDChcMKVwwpHDBkMIFQwoXDClcMKRwwZDCBSNg/1u2c+fOQFUlCSIBE+5wOAJVlSSIBOxbq///M1WSmYn8mrJgyEGbYEjhgiGFC4YULhhSuGBI4YIhhQuGFC4YUrhgSOGCIYULhhQuGFK4YEjhgiGFC8bf8Zz4UtddheEAAAAASUVORK5CYII=\"]', 'test3', 0, '2023-10-05 17:19:06');
INSERT INTO `Damage` (`id`, `bp_id`, `user_id`, `dm_brand`, `dm_color`, `dm_details`, `dm_picture`, `dm_vehicle`, `dm_status`, `dm_datedestroy`) VALUES (11, 3, 6, 'test', 'test2', 'test3', '[\"iVBORw0KGgoAAAANSUhEUgAAAHwAAABiCAYAAACSwrdVAAABJGlDQ1BTa2lhAAAokX2RvUvDQBjGf5Yufg2ig4NDxi5KVVAHXaoQdJJYodUpTdMqNDFcUqpzV/8IN2fH4tC1oyA4Cf4L4uBan7RDCqU+x3v3u4f3Pt47yK0j5YsQhIlx7JJVqV5ZTMj14ojZmoPfj7SH981/8mZpvu7HnsZvRWJ0uLasi9eaY75PuTbmx5RN2TkWP4kLzQmuTXAniRLxIM33IpPyp/gwaLW97N4s+eHlhcaKYoMYB5sSFmUMLqGcBr7YosMtCTeiE1FMREsZD5qfs6ve1iygrZwpZe/Z/YKj/nA4fM28sz687MNCL/MKB7CyCINe5Bp3ZOUVuUYDfp5huQqrb1pzPX1G9hczarVGtdrcqTVVhS/nVLV6bIl2KLLN3h/Ly02cJnerCAAAAARzQklUCAgICHwIZIgAAAqbSURBVHic7Zx/TJT1H8Bfd9zBcXh4eCKIhRVOuysEWs6JjDloY7nV1pqz2ipr1JqJMk0brdiUYURomjWbhDVXWw5aQrUxQ8nRD8nSP0wskF9ycYQhP6PjuHue/nB33+4rIuidR30+r40/7vk8z+f9fp7X83w+n+fzOU6jqqqKRBi0oU5AcmuRwgVDChcMKVwwpHDBkMIFQwoXDClcMKRwwZDCBUMKFwwpXDCkcMGQwgVDChcMKVwwpHDBkMIFQwoXDClcMKRwwZDCBUMKFwwpXDCkcMGQwgVDChcMKVwwpHDBmNHCP/vsM956661Qp/GfYkYLdzqdjI6OhjqN/xQzWrgk8OhCncBkzJs3j/Hx8VCn8Z9CMxN/AcLhcBAREYFer2doaIgFCxaEOqVbRnt7O7fffjs6XXCexRnzhF+8eJH29nbcbjfff/89aWlpJCQkcOLECfLz80OdXsAZHBykubmZgYEBoqOjSUpKYu7cuezbt4/CwkLMZnNQ4oZcuKqqfPDBB/z2228sWrSI8PBw9Ho9DQ0NLFu2LKixFUWhoaGBpqYmFi9ezKpVqwgLC6O+vp6YmBhSU1ODEvfs2bN8+OGHLF68mPnz5/Prr79SVVVFVlYWiqIEJaaXkAs/duwYXV1d5Ofno9frfX92u53du3eTmJgYtNjd3d1UVlby8ssvs3v3bhYuXIjFYqGqqorc3NygxPzjjz84cOAAr732GkajEb1eT3h4OBqNhl27dvHXX38FJa6XkApXFIW6ujpUVaW4uBi3243b7cZsNpOSkkJmZibt7e1Bi+9yudBoNJjNZnQ6HYODg5SXlxMXF8fSpUuDEvPcuXNERUVRVlaGoii+c05NTSUjIwO73R7Up3xGDtrGxsbo6uri3LlznD59msLCQsLCwgIeR1EUdu7cicPhQFVVwsLCSEpKYv369YSHhwc83mQ4HA4uXLhAY2MjDz30EEuWLAlKnJAL/2d4jUYz4T7ffPMNzc3NZGdns3DhwgmPnex4776TlQcq10DUcenSJT7//HPuuOMOsrKybijOtQhZk/7nn39SVlZGb28vcOXk77nnHp555hkMBoNvv46ODj766CNSUlJ8sp1OJ5WVlTQ2NvouoEajYfXq1eTk5Pi1BoqisH//fs6fP4/FYqGgoMCvfi+vvPIKw8PDvPHGGxiNRr+y3t5eKioqsNvtvm0Gg4Hc3FysVutVdb399tu0tLSwfft25syZ48ujurqaY8eO+XKOiIggLy+PO++80+/4d999l99//501a9ZM/YJOkZAI7+/v59VXXyU5OZkNGzYQHh6O3W7nvffeY+vWrezYsYOYmBg8Hg8HDx7EYrHw7LPPAnD06FGOHDmCoijce++9pKamotVqOXnyJNXV1Rw9epSioiJMJhMA9fX1jI2NUVpaSm1tLQcOHGDjxo1X5TQ+Po7L5bqq1aitraW6upqoqCgeeeQRYmNj6e/vp6amhj179mCz2di0aZPfMW63G5fL5bdt79699PT0kJeXR0JCAk6nk48//piSkhLWrVvHihUrADh8+DAOh4ONGzf6ziGQhET48ePHiY+P54UXXvBts1qtbNmyheLiYk6fPs3y5ct555138Hg8bNmyhYiICABWrFiBqqpkZmYSGRnpOz49PZ1ffvmFvXv38sknn/Dcc88BV1oSk8mE0WjEYrHQ0tIy5Ty7u7upqalh2bJlPPXUU36TIRkZGezbt4+mpib6+vqwWCzXrKejo4PW1lZef/11Zs2ahUajwWQysWHDBl588UUOHTrE8uXL+eKLL/j666/Jzc3FZrNNOc/pEJK59M7OTgYHB9m8eTPbtm3D6XQCUFdXh16vx2q10tXVhd1uJz093dcsAphMJnJycvxke7n77ruJj4/np59+8i26ZGZm0traSkFBAYcPH55Wng0NDXg8Hmw221WDRp1Ox7p164Arr5aT0dfXB0BxcTGbNm2itrYWgNbWVgAeffRRNBoNp06dYt68eSQnJ9/0eONahER4bGwsOp2OXbt2cdttt3H27FmqqqpobGzkpZdeIiEhAavVSmpqKl9++SXDw8N+x58/f54333yTsrIyOjs7/coMBgOqqvpuIrPZTFFREfn5+Xg8nmnlef/995OTk0NlZSUFBQX8/PPPfuXevv7ChQuT1mMymRgfH2fr1q3k5eVx8uRJ+vv72bNnDytXruSBBx5Ao9Gwfv16enp6OHPmzLTynA4hEZ6VlcXw8DAHDx6kpaWFpKQkvvvuOywWi99Ei8FgwOPx+C2RDg8Ps3//flavXk12djalpaXXfW/V6/XMnj172nkmJSWRnZ2N1WpFVVUGBgb8yr1P4fUmS+666y4SExM5dOgQn376qe98NRoNjz32mG+/mJgYAIaGhqad61QJSR++YMECCgsLuXjxIjk5OcyZMwe3201iYiJa7eT3oNPpRK/XY7PZcLlceDyeqwZagcLlclFSUoLZbGbHjh2+ccR00el0bN68mebmZsLDw1myZAnl5eXodLpb/r4fsteyuLg44uLifJ9VVZ3SCpGqqoyMjLB9+3Y8Hg9Lly697k1yo3R1dXH58mWysrJuWLaXyMhIUlJSfJ/dbvfNpndDhHwufTK8F2UioQkJCTz88MPEx8cHJNY/3+e9eJvqM2fO0N/fT1ZWFnPnzr1uXd4uZroDr7GxMYCgzCp6mbHfeFEUhe7ubnQ6HdHR0b7tXvk6nW5C2ROJm0osl8vlW8j4JxEREaxcuRK3201FRcWU6hoYGECv1xMVFTXlHAB++OEHgCndVDdKyJ/wtrY24H9NdVtbG06nk4aGBjo7O8nIyPBrTo1GI1qtlqamJlpbW/3Eejwe+vv7MRgMfhfbbrczMjICXBkDeGMCjI6OUltby9jYGGvXrvXrVvR6PfHx8aSnp5OYmEh5efmE5+B2u31519XVcenSJR588MEJ++eRkRF6e3sZHR1FURTa2tpQFIWOjg6OHDlCZGQkixYtusGreX1COpeuqqrf5IsXrVbLrFmzsFqtPPnkk+j1er/yb7/9lpqaGoaGhvxG6FqtltmzZ7N27VrS0tJ820tKSq656hYWFkZ0dDRpaWmsWbPGr/sYGxujqKgIi8XC5cuXsVqtPPHEE75yl8tFXl6eX3yTyURycjKPP/74hGOSH3/8ccIbJyIigtjYWHJzc5k/f/6EuQaCkC+ezHS8XYvRaPSbAPq3IoXfBKqqUl9fz6lTp7jvvvvIzs5Gq9XS19fHiRMnWLVq1Yy7SWbsoO3fQHt7O1999RXbtm3j+PHjtLe3o6oqFRUV9PT0zDjZIIXfFG63m6ioKBRFwWg0otFoeP/997Hb7Tz99NOhTm9CZJN+EyiKQmlpKZ2dnSiKglarxWaz8fzzz9/0RE2wkMJvElVVcblcKIpCWFjYLZ8qnS5SuGDIPlwwpHDBkMIFQwoXDClcMKRwwZDCBUMKFwwpXDCkcMGQwgVDChcMKVwwpHDBkMIFQwoXDClcMKRwwZDCBSNg/1u2c+fOQFUlCSIBE+5wOAJVlSSIBOxbq///M1WSmYn8mrJgyEGbYEjhgiGFC4YULhhSuGBI4YIhhQuGFC4YUrhgSOGCIYULhhQuGFK4YEjhgiGFC8bf8Zz4UtddheEAAAAASUVORK5CYII=\", \"iVBORw0KGgoAAAANSUhEUgAAAHwAAABiCAYAAACSwrdVAAABJGlDQ1BTa2lhAAAokX2RvUvDQBjGf5Yufg2ig4NDxi5KVVAHXaoQdJJYodUpTdMqNDFcUqpzV/8IN2fH4tC1oyA4Cf4L4uBan7RDCqU+x3v3u4f3Pt47yK0j5YsQhIlx7JJVqV5ZTMj14ojZmoPfj7SH981/8mZpvu7HnsZvRWJ0uLasi9eaY75PuTbmx5RN2TkWP4kLzQmuTXAniRLxIM33IpPyp/gwaLW97N4s+eHlhcaKYoMYB5sSFmUMLqGcBr7YosMtCTeiE1FMREsZD5qfs6ve1iygrZwpZe/Z/YKj/nA4fM28sz687MNCL/MKB7CyCINe5Bp3ZOUVuUYDfp5huQqrb1pzPX1G9hczarVGtdrcqTVVhS/nVLV6bIl2KLLN3h/Ly02cJnerCAAAAARzQklUCAgICHwIZIgAAAqbSURBVHic7Zx/TJT1H8Bfd9zBcXh4eCKIhRVOuysEWs6JjDloY7nV1pqz2ipr1JqJMk0brdiUYURomjWbhDVXWw5aQrUxQ8nRD8nSP0wskF9ycYQhP6PjuHue/nB33+4rIuidR30+r40/7vk8z+f9fp7X83w+n+fzOU6jqqqKRBi0oU5AcmuRwgVDChcMKVwwpHDBkMIFQwoXDClcMKRwwZDCBUMKFwwpXDCkcMGQwgVDChcMKVwwpHDBkMIFQwoXDClcMKRwwZDCBUMKFwwpXDCkcMGQwgVDChcMKVwwpHDBmNHCP/vsM956661Qp/GfYkYLdzqdjI6OhjqN/xQzWrgk8OhCncBkzJs3j/Hx8VCn8Z9CMxN/AcLhcBAREYFer2doaIgFCxaEOqVbRnt7O7fffjs6XXCexRnzhF+8eJH29nbcbjfff/89aWlpJCQkcOLECfLz80OdXsAZHBykubmZgYEBoqOjSUpKYu7cuezbt4/CwkLMZnNQ4oZcuKqqfPDBB/z2228sWrSI8PBw9Ho9DQ0NLFu2LKixFUWhoaGBpqYmFi9ezKpVqwgLC6O+vp6YmBhSU1ODEvfs2bN8+OGHLF68mPnz5/Prr79SVVVFVlYWiqIEJaaXkAs/duwYXV1d5Ofno9frfX92u53du3eTmJgYtNjd3d1UVlby8ssvs3v3bhYuXIjFYqGqqorc3NygxPzjjz84cOAAr732GkajEb1eT3h4OBqNhl27dvHXX38FJa6XkApXFIW6ujpUVaW4uBi3243b7cZsNpOSkkJmZibt7e1Bi+9yudBoNJjNZnQ6HYODg5SXlxMXF8fSpUuDEvPcuXNERUVRVlaGoii+c05NTSUjIwO73R7Up3xGDtrGxsbo6uri3LlznD59msLCQsLCwgIeR1EUdu7cicPhQFVVwsLCSEpKYv369YSHhwc83mQ4HA4uXLhAY2MjDz30EEuWLAlKnJAL/2d4jUYz4T7ffPMNzc3NZGdns3DhwgmPnex4776TlQcq10DUcenSJT7//HPuuOMOsrKybijOtQhZk/7nn39SVlZGb28vcOXk77nnHp555hkMBoNvv46ODj766CNSUlJ8sp1OJ5WVlTQ2NvouoEajYfXq1eTk5Pi1BoqisH//fs6fP4/FYqGgoMCvfi+vvPIKw8PDvPHGGxiNRr+y3t5eKioqsNvtvm0Gg4Hc3FysVutVdb399tu0tLSwfft25syZ48ujurqaY8eO+XKOiIggLy+PO++80+/4d999l99//501a9ZM/YJOkZAI7+/v59VXXyU5OZkNGzYQHh6O3W7nvffeY+vWrezYsYOYmBg8Hg8HDx7EYrHw7LPPAnD06FGOHDmCoijce++9pKamotVqOXnyJNXV1Rw9epSioiJMJhMA9fX1jI2NUVpaSm1tLQcOHGDjxo1X5TQ+Po7L5bqq1aitraW6upqoqCgeeeQRYmNj6e/vp6amhj179mCz2di0aZPfMW63G5fL5bdt79699PT0kJeXR0JCAk6nk48//piSkhLWrVvHihUrADh8+DAOh4ONGzf6ziGQhET48ePHiY+P54UXXvBts1qtbNmyheLiYk6fPs3y5ct555138Hg8bNmyhYiICABWrFiBqqpkZmYSGRnpOz49PZ1ffvmFvXv38sknn/Dcc88BV1oSk8mE0WjEYrHQ0tIy5Ty7u7upqalh2bJlPPXUU36TIRkZGezbt4+mpib6+vqwWCzXrKejo4PW1lZef/11Zs2ahUajwWQysWHDBl588UUOHTrE8uXL+eKLL/j666/Jzc3FZrNNOc/pEJK59M7OTgYHB9m8eTPbtm3D6XQCUFdXh16vx2q10tXVhd1uJz093dcsAphMJnJycvxke7n77ruJj4/np59+8i26ZGZm0traSkFBAYcPH55Wng0NDXg8Hmw221WDRp1Ox7p164Arr5aT0dfXB0BxcTGbNm2itrYWgNbWVgAeffRRNBoNp06dYt68eSQnJ9/0eONahER4bGwsOp2OXbt2cdttt3H27FmqqqpobGzkpZdeIiEhAavVSmpqKl9++SXDw8N+x58/f54333yTsrIyOjs7/coMBgOqqvpuIrPZTFFREfn5+Xg8nmnlef/995OTk0NlZSUFBQX8/PPPfuXevv7ChQuT1mMymRgfH2fr1q3k5eVx8uRJ+vv72bNnDytXruSBBx5Ao9Gwfv16enp6OHPmzLTynA4hEZ6VlcXw8DAHDx6kpaWFpKQkvvvuOywWi99Ei8FgwOPx+C2RDg8Ps3//flavXk12djalpaXXfW/V6/XMnj172nkmJSWRnZ2N1WpFVVUGBgb8yr1P4fUmS+666y4SExM5dOgQn376qe98NRoNjz32mG+/mJgYAIaGhqad61QJSR++YMECCgsLuXjxIjk5OcyZMwe3201iYiJa7eT3oNPpRK/XY7PZcLlceDyeqwZagcLlclFSUoLZbGbHjh2+ccR00el0bN68mebmZsLDw1myZAnl5eXodLpb/r4fsteyuLg44uLifJ9VVZ3SCpGqqoyMjLB9+3Y8Hg9Lly697k1yo3R1dXH58mWysrJuWLaXyMhIUlJSfJ/dbvfNpndDhHwufTK8F2UioQkJCTz88MPEx8cHJNY/3+e9eJvqM2fO0N/fT1ZWFnPnzr1uXd4uZroDr7GxMYCgzCp6mbHfeFEUhe7ubnQ6HdHR0b7tXvk6nW5C2ROJm0osl8vlW8j4JxEREaxcuRK3201FRcWU6hoYGECv1xMVFTXlHAB++OEHgCndVDdKyJ/wtrY24H9NdVtbG06nk4aGBjo7O8nIyPBrTo1GI1qtlqamJlpbW/3Eejwe+vv7MRgMfhfbbrczMjICXBkDeGMCjI6OUltby9jYGGvXrvXrVvR6PfHx8aSnp5OYmEh5efmE5+B2u31519XVcenSJR588MEJ++eRkRF6e3sZHR1FURTa2tpQFIWOjg6OHDlCZGQkixYtusGreX1COpeuqqrf5IsXrVbLrFmzsFqtPPnkk+j1er/yb7/9lpqaGoaGhvxG6FqtltmzZ7N27VrS0tJ820tKSq656hYWFkZ0dDRpaWmsWbPGr/sYGxujqKgIi8XC5cuXsVqtPPHEE75yl8tFXl6eX3yTyURycjKPP/74hGOSH3/8ccIbJyIigtjYWHJzc5k/f/6EuQaCkC+ezHS8XYvRaPSbAPq3IoXfBKqqUl9fz6lTp7jvvvvIzs5Gq9XS19fHiRMnWLVq1Yy7SWbsoO3fQHt7O1999RXbtm3j+PHjtLe3o6oqFRUV9PT0zDjZIIXfFG63m6ioKBRFwWg0otFoeP/997Hb7Tz99NOhTm9CZJN+EyiKQmlpKZ2dnSiKglarxWaz8fzzz9/0RE2wkMJvElVVcblcKIpCWFjYLZ8qnS5SuGDIPlwwpHDBkMIFQwoXDClcMKRwwZDCBUMKFwwpXDCkcMGQwgVDChcMKVwwpHDBkMIFQwoXDClcMKRwwZDCBSNg/1u2c+fOQFUlCSIBE+5wOAJVlSSIBOxbq///M1WSmYn8mrJgyEGbYEjhgiGFC4YULhhSuGBI4YIhhQuGFC4YUrhgSOGCIYULhhQuGFK4YEjhgiGFC8bf8Zz4UtddheEAAAAASUVORK5CYII=\"]', 'test3', 2, '2023-10-05 17:19:06');
INSERT INTO `Damage` (`id`, `bp_id`, `user_id`, `dm_brand`, `dm_color`, `dm_details`, `dm_picture`, `dm_vehicle`, `dm_status`, `dm_datedestroy`) VALUES (12, 3, 6, 'test', 'test2', 'test4', '[\"iVBORw0KGgoAAAANSUhEUgAAAHwAAABiCAYAAACSwrdVAAABJGlDQ1BTa2lhAAAokX2RvUvDQBjGf5Yufg2ig4NDxi5KVVAHXaoQdJJYodUpTdMqNDFcUqpzV/8IN2fH4tC1oyA4Cf4L4uBan7RDCqU+x3v3u4f3Pt47yK0j5YsQhIlx7JJVqV5ZTMj14ojZmoPfj7SH981/8mZpvu7HnsZvRWJ0uLasi9eaY75PuTbmx5RN2TkWP4kLzQmuTXAniRLxIM33IpPyp/gwaLW97N4s+eHlhcaKYoMYB5sSFmUMLqGcBr7YosMtCTeiE1FMREsZD5qfs6ve1iygrZwpZe/Z/YKj/nA4fM28sz687MNCL/MKB7CyCINe5Bp3ZOUVuUYDfp5huQqrb1pzPX1G9hczarVGtdrcqTVVhS/nVLV6bIl2KLLN3h/Ly02cJnerCAAAAARzQklUCAgICHwIZIgAAAqbSURBVHic7Zx/TJT1H8Bfd9zBcXh4eCKIhRVOuysEWs6JjDloY7nV1pqz2ipr1JqJMk0brdiUYURomjWbhDVXWw5aQrUxQ8nRD8nSP0wskF9ycYQhP6PjuHue/nB33+4rIuidR30+r40/7vk8z+f9fp7X83w+n+fzOU6jqqqKRBi0oU5AcmuRwgVDChcMKVwwpHDBkMIFQwoXDClcMKRwwZDCBUMKFwwpXDCkcMGQwgVDChcMKVwwpHDBkMIFQwoXDClcMKRwwZDCBUMKFwwpXDCkcMGQwgVDChcMKVwwpHDBmNHCP/vsM956661Qp/GfYkYLdzqdjI6OhjqN/xQzWrgk8OhCncBkzJs3j/Hx8VCn8Z9CMxN/AcLhcBAREYFer2doaIgFCxaEOqVbRnt7O7fffjs6XXCexRnzhF+8eJH29nbcbjfff/89aWlpJCQkcOLECfLz80OdXsAZHBykubmZgYEBoqOjSUpKYu7cuezbt4/CwkLMZnNQ4oZcuKqqfPDBB/z2228sWrSI8PBw9Ho9DQ0NLFu2LKixFUWhoaGBpqYmFi9ezKpVqwgLC6O+vp6YmBhSU1ODEvfs2bN8+OGHLF68mPnz5/Prr79SVVVFVlYWiqIEJaaXkAs/duwYXV1d5Ofno9frfX92u53du3eTmJgYtNjd3d1UVlby8ssvs3v3bhYuXIjFYqGqqorc3NygxPzjjz84cOAAr732GkajEb1eT3h4OBqNhl27dvHXX38FJa6XkApXFIW6ujpUVaW4uBi3243b7cZsNpOSkkJmZibt7e1Bi+9yudBoNJjNZnQ6HYODg5SXlxMXF8fSpUuDEvPcuXNERUVRVlaGoii+c05NTSUjIwO73R7Up3xGDtrGxsbo6uri3LlznD59msLCQsLCwgIeR1EUdu7cicPhQFVVwsLCSEpKYv369YSHhwc83mQ4HA4uXLhAY2MjDz30EEuWLAlKnJAL/2d4jUYz4T7ffPMNzc3NZGdns3DhwgmPnex4776TlQcq10DUcenSJT7//HPuuOMOsrKybijOtQhZk/7nn39SVlZGb28vcOXk77nnHp555hkMBoNvv46ODj766CNSUlJ8sp1OJ5WVlTQ2NvouoEajYfXq1eTk5Pi1BoqisH//fs6fP4/FYqGgoMCvfi+vvPIKw8PDvPHGGxiNRr+y3t5eKioqsNvtvm0Gg4Hc3FysVutVdb399tu0tLSwfft25syZ48ujurqaY8eO+XKOiIggLy+PO++80+/4d999l99//501a9ZM/YJOkZAI7+/v59VXXyU5OZkNGzYQHh6O3W7nvffeY+vWrezYsYOYmBg8Hg8HDx7EYrHw7LPPAnD06FGOHDmCoijce++9pKamotVqOXnyJNXV1Rw9epSioiJMJhMA9fX1jI2NUVpaSm1tLQcOHGDjxo1X5TQ+Po7L5bqq1aitraW6upqoqCgeeeQRYmNj6e/vp6amhj179mCz2di0aZPfMW63G5fL5bdt79699PT0kJeXR0JCAk6nk48//piSkhLWrVvHihUrADh8+DAOh4ONGzf6ziGQhET48ePHiY+P54UXXvBts1qtbNmyheLiYk6fPs3y5ct555138Hg8bNmyhYiICABWrFiBqqpkZmYSGRnpOz49PZ1ffvmFvXv38sknn/Dcc88BV1oSk8mE0WjEYrHQ0tIy5Ty7u7upqalh2bJlPPXUU36TIRkZGezbt4+mpib6+vqwWCzXrKejo4PW1lZef/11Zs2ahUajwWQysWHDBl588UUOHTrE8uXL+eKLL/j666/Jzc3FZrNNOc/pEJK59M7OTgYHB9m8eTPbtm3D6XQCUFdXh16vx2q10tXVhd1uJz093dcsAphMJnJycvxke7n77ruJj4/np59+8i26ZGZm0traSkFBAYcPH55Wng0NDXg8Hmw221WDRp1Ox7p164Arr5aT0dfXB0BxcTGbNm2itrYWgNbWVgAeffRRNBoNp06dYt68eSQnJ9/0eONahER4bGwsOp2OXbt2cdttt3H27FmqqqpobGzkpZdeIiEhAavVSmpqKl9++SXDw8N+x58/f54333yTsrIyOjs7/coMBgOqqvpuIrPZTFFREfn5+Xg8nmnlef/995OTk0NlZSUFBQX8/PPPfuXevv7ChQuT1mMymRgfH2fr1q3k5eVx8uRJ+vv72bNnDytXruSBBx5Ao9Gwfv16enp6OHPmzLTynA4hEZ6VlcXw8DAHDx6kpaWFpKQkvvvuOywWi99Ei8FgwOPx+C2RDg8Ps3//flavXk12djalpaXXfW/V6/XMnj172nkmJSWRnZ2N1WpFVVUGBgb8yr1P4fUmS+666y4SExM5dOgQn376qe98NRoNjz32mG+/mJgYAIaGhqad61QJSR++YMECCgsLuXjxIjk5OcyZMwe3201iYiJa7eT3oNPpRK/XY7PZcLlceDyeqwZagcLlclFSUoLZbGbHjh2+ccR00el0bN68mebmZsLDw1myZAnl5eXodLpb/r4fsteyuLg44uLifJ9VVZ3SCpGqqoyMjLB9+3Y8Hg9Lly697k1yo3R1dXH58mWysrJuWLaXyMhIUlJSfJ/dbvfNpndDhHwufTK8F2UioQkJCTz88MPEx8cHJNY/3+e9eJvqM2fO0N/fT1ZWFnPnzr1uXd4uZroDr7GxMYCgzCp6mbHfeFEUhe7ubnQ6HdHR0b7tXvk6nW5C2ROJm0osl8vlW8j4JxEREaxcuRK3201FRcWU6hoYGECv1xMVFTXlHAB++OEHgCndVDdKyJ/wtrY24H9NdVtbG06nk4aGBjo7O8nIyPBrTo1GI1qtlqamJlpbW/3Eejwe+vv7MRgMfhfbbrczMjICXBkDeGMCjI6OUltby9jYGGvXrvXrVvR6PfHx8aSnp5OYmEh5efmE5+B2u31519XVcenSJR588MEJ++eRkRF6e3sZHR1FURTa2tpQFIWOjg6OHDlCZGQkixYtusGreX1COpeuqqrf5IsXrVbLrFmzsFqtPPnkk+j1er/yb7/9lpqaGoaGhvxG6FqtltmzZ7N27VrS0tJ820tKSq656hYWFkZ0dDRpaWmsWbPGr/sYGxujqKgIi8XC5cuXsVqtPPHEE75yl8tFXl6eX3yTyURycjKPP/74hGOSH3/8ccIbJyIigtjYWHJzc5k/f/6EuQaCkC+ezHS8XYvRaPSbAPq3IoXfBKqqUl9fz6lTp7jvvvvIzs5Gq9XS19fHiRMnWLVq1Yy7SWbsoO3fQHt7O1999RXbtm3j+PHjtLe3o6oqFRUV9PT0zDjZIIXfFG63m6ioKBRFwWg0otFoeP/997Hb7Tz99NOhTm9CZJN+EyiKQmlpKZ2dnSiKglarxWaz8fzzz9/0RE2wkMJvElVVcblcKIpCWFjYLZ8qnS5SuGDIPlwwpHDBkMIFQwoXDClcMKRwwZDCBUMKFwwpXDCkcMGQwgVDChcMKVwwpHDBkMIFQwoXDClcMKRwwZDCBSNg/1u2c+fOQFUlCSIBE+5wOAJVlSSIBOxbq///M1WSmYn8mrJgyEGbYEjhgiGFC4YULhhSuGBI4YIhhQuGFC4YUrhgSOGCIYULhhQuGFK4YEjhgiGFC8bf8Zz4UtddheEAAAAASUVORK5CYII=\", \"iVBORw0KGgoAAAANSUhEUgAAAHwAAABiCAYAAACSwrdVAAABJGlDQ1BTa2lhAAAokX2RvUvDQBjGf5Yufg2ig4NDxi5KVVAHXaoQdJJYodUpTdMqNDFcUqpzV/8IN2fH4tC1oyA4Cf4L4uBan7RDCqU+x3v3u4f3Pt47yK0j5YsQhIlx7JJVqV5ZTMj14ojZmoPfj7SH981/8mZpvu7HnsZvRWJ0uLasi9eaY75PuTbmx5RN2TkWP4kLzQmuTXAniRLxIM33IpPyp/gwaLW97N4s+eHlhcaKYoMYB5sSFmUMLqGcBr7YosMtCTeiE1FMREsZD5qfs6ve1iygrZwpZe/Z/YKj/nA4fM28sz687MNCL/MKB7CyCINe5Bp3ZOUVuUYDfp5huQqrb1pzPX1G9hczarVGtdrcqTVVhS/nVLV6bIl2KLLN3h/Ly02cJnerCAAAAARzQklUCAgICHwIZIgAAAqbSURBVHic7Zx/TJT1H8Bfd9zBcXh4eCKIhRVOuysEWs6JjDloY7nV1pqz2ipr1JqJMk0brdiUYURomjWbhDVXWw5aQrUxQ8nRD8nSP0wskF9ycYQhP6PjuHue/nB33+4rIuidR30+r40/7vk8z+f9fp7X83w+n+fzOU6jqqqKRBi0oU5AcmuRwgVDChcMKVwwpHDBkMIFQwoXDClcMKRwwZDCBUMKFwwpXDCkcMGQwgVDChcMKVwwpHDBkMIFQwoXDClcMKRwwZDCBUMKFwwpXDCkcMGQwgVDChcMKVwwpHDBmNHCP/vsM956661Qp/GfYkYLdzqdjI6OhjqN/xQzWrgk8OhCncBkzJs3j/Hx8VCn8Z9CMxN/AcLhcBAREYFer2doaIgFCxaEOqVbRnt7O7fffjs6XXCexRnzhF+8eJH29nbcbjfff/89aWlpJCQkcOLECfLz80OdXsAZHBykubmZgYEBoqOjSUpKYu7cuezbt4/CwkLMZnNQ4oZcuKqqfPDBB/z2228sWrSI8PBw9Ho9DQ0NLFu2LKixFUWhoaGBpqYmFi9ezKpVqwgLC6O+vp6YmBhSU1ODEvfs2bN8+OGHLF68mPnz5/Prr79SVVVFVlYWiqIEJaaXkAs/duwYXV1d5Ofno9frfX92u53du3eTmJgYtNjd3d1UVlby8ssvs3v3bhYuXIjFYqGqqorc3NygxPzjjz84cOAAr732GkajEb1eT3h4OBqNhl27dvHXX38FJa6XkApXFIW6ujpUVaW4uBi3243b7cZsNpOSkkJmZibt7e1Bi+9yudBoNJjNZnQ6HYODg5SXlxMXF8fSpUuDEvPcuXNERUVRVlaGoii+c05NTSUjIwO73R7Up3xGDtrGxsbo6uri3LlznD59msLCQsLCwgIeR1EUdu7cicPhQFVVwsLCSEpKYv369YSHhwc83mQ4HA4uXLhAY2MjDz30EEuWLAlKnJAL/2d4jUYz4T7ffPMNzc3NZGdns3DhwgmPnex4776TlQcq10DUcenSJT7//HPuuOMOsrKybijOtQhZk/7nn39SVlZGb28vcOXk77nnHp555hkMBoNvv46ODj766CNSUlJ8sp1OJ5WVlTQ2NvouoEajYfXq1eTk5Pi1BoqisH//fs6fP4/FYqGgoMCvfi+vvPIKw8PDvPHGGxiNRr+y3t5eKioqsNvtvm0Gg4Hc3FysVutVdb399tu0tLSwfft25syZ48ujurqaY8eO+XKOiIggLy+PO++80+/4d999l99//501a9ZM/YJOkZAI7+/v59VXXyU5OZkNGzYQHh6O3W7nvffeY+vWrezYsYOYmBg8Hg8HDx7EYrHw7LPPAnD06FGOHDmCoijce++9pKamotVqOXnyJNXV1Rw9epSioiJMJhMA9fX1jI2NUVpaSm1tLQcOHGDjxo1X5TQ+Po7L5bqq1aitraW6upqoqCgeeeQRYmNj6e/vp6amhj179mCz2di0aZPfMW63G5fL5bdt79699PT0kJeXR0JCAk6nk48//piSkhLWrVvHihUrADh8+DAOh4ONGzf6ziGQhET48ePHiY+P54UXXvBts1qtbNmyheLiYk6fPs3y5ct555138Hg8bNmyhYiICABWrFiBqqpkZmYSGRnpOz49PZ1ffvmFvXv38sknn/Dcc88BV1oSk8mE0WjEYrHQ0tIy5Ty7u7upqalh2bJlPPXUU36TIRkZGezbt4+mpib6+vqwWCzXrKejo4PW1lZef/11Zs2ahUajwWQysWHDBl588UUOHTrE8uXL+eKLL/j666/Jzc3FZrNNOc/pEJK59M7OTgYHB9m8eTPbtm3D6XQCUFdXh16vx2q10tXVhd1uJz093dcsAphMJnJycvxke7n77ruJj4/np59+8i26ZGZm0traSkFBAYcPH55Wng0NDXg8Hmw221WDRp1Ox7p164Arr5aT0dfXB0BxcTGbNm2itrYWgNbWVgAeffRRNBoNp06dYt68eSQnJ9/0eONahER4bGwsOp2OXbt2cdttt3H27FmqqqpobGzkpZdeIiEhAavVSmpqKl9++SXDw8N+x58/f54333yTsrIyOjs7/coMBgOqqvpuIrPZTFFREfn5+Xg8nmnlef/995OTk0NlZSUFBQX8/PPPfuXevv7ChQuT1mMymRgfH2fr1q3k5eVx8uRJ+vv72bNnDytXruSBBx5Ao9Gwfv16enp6OHPmzLTynA4hEZ6VlcXw8DAHDx6kpaWFpKQkvvvuOywWi99Ei8FgwOPx+C2RDg8Ps3//flavXk12djalpaXXfW/V6/XMnj172nkmJSWRnZ2N1WpFVVUGBgb8yr1P4fUmS+666y4SExM5dOgQn376qe98NRoNjz32mG+/mJgYAIaGhqad61QJSR++YMECCgsLuXjxIjk5OcyZMwe3201iYiJa7eT3oNPpRK/XY7PZcLlceDyeqwZagcLlclFSUoLZbGbHjh2+ccR00el0bN68mebmZsLDw1myZAnl5eXodLpb/r4fsteyuLg44uLifJ9VVZ3SCpGqqoyMjLB9+3Y8Hg9Lly697k1yo3R1dXH58mWysrJuWLaXyMhIUlJSfJ/dbvfNpndDhHwufTK8F2UioQkJCTz88MPEx8cHJNY/3+e9eJvqM2fO0N/fT1ZWFnPnzr1uXd4uZroDr7GxMYCgzCp6mbHfeFEUhe7ubnQ6HdHR0b7tXvk6nW5C2ROJm0osl8vlW8j4JxEREaxcuRK3201FRcWU6hoYGECv1xMVFTXlHAB++OEHgCndVDdKyJ/wtrY24H9NdVtbG06nk4aGBjo7O8nIyPBrTo1GI1qtlqamJlpbW/3Eejwe+vv7MRgMfhfbbrczMjICXBkDeGMCjI6OUltby9jYGGvXrvXrVvR6PfHx8aSnp5OYmEh5efmE5+B2u31519XVcenSJR588MEJ++eRkRF6e3sZHR1FURTa2tpQFIWOjg6OHDlCZGQkixYtusGreX1COpeuqqrf5IsXrVbLrFmzsFqtPPnkk+j1er/yb7/9lpqaGoaGhvxG6FqtltmzZ7N27VrS0tJ820tKSq656hYWFkZ0dDRpaWmsWbPGr/sYGxujqKgIi8XC5cuXsVqtPPHEE75yl8tFXl6eX3yTyURycjKPP/74hGOSH3/8ccIbJyIigtjYWHJzc5k/f/6EuQaCkC+ezHS8XYvRaPSbAPq3IoXfBKqqUl9fz6lTp7jvvvvIzs5Gq9XS19fHiRMnWLVq1Yy7SWbsoO3fQHt7O1999RXbtm3j+PHjtLe3o6oqFRUV9PT0zDjZIIXfFG63m6ioKBRFwWg0otFoeP/997Hb7Tz99NOhTm9CZJN+EyiKQmlpKZ2dnSiKglarxWaz8fzzz9/0RE2wkMJvElVVcblcKIpCWFjYLZ8qnS5SuGDIPlwwpHDBkMIFQwoXDClcMKRwwZDCBUMKFwwpXDCkcMGQwgVDChcMKVwwpHDBkMIFQwoXDClcMKRwwZDCBSNg/1u2c+fOQFUlCSIBE+5wOAJVlSSIBOxbq///M1WSmYn8mrJgyEGbYEjhgiGFC4YULhhSuGBI4YIhhQuGFC4YUrhgSOGCIYULhhQuGFK4YEjhgiGFC8bf8Zz4UtddheEAAAAASUVORK5CYII=\"]', 'test3', 0, '2023-10-05 17:19:06');
INSERT INTO `Damage` (`id`, `bp_id`, `user_id`, `dm_brand`, `dm_color`, `dm_details`, `dm_picture`, `dm_vehicle`, `dm_status`, `dm_datedestroy`) VALUES (13, 3, 6, 'test2', 'test3t', 'test5', '[\"iVBORw0KGgoAAAANSUhEUgAAAHwAAABiCAYAAACSwrdVAAABJGlDQ1BTa2lhAAAokX2RvUvDQBjGf5Yufg2ig4NDxi5KVVAHXaoQdJJYodUpTdMqNDFcUqpzV/8IN2fH4tC1oyA4Cf4L4uBan7RDCqU+x3v3u4f3Pt47yK0j5YsQhIlx7JJVqV5ZTMj14ojZmoPfj7SH981/8mZpvu7HnsZvRWJ0uLasi9eaY75PuTbmx5RN2TkWP4kLzQmuTXAniRLxIM33IpPyp/gwaLW97N4s+eHlhcaKYoMYB5sSFmUMLqGcBr7YosMtCTeiE1FMREsZD5qfs6ve1iygrZwpZe/Z/YKj/nA4fM28sz687MNCL/MKB7CyCINe5Bp3ZOUVuUYDfp5huQqrb1pzPX1G9hczarVGtdrcqTVVhS/nVLV6bIl2KLLN3h/Ly02cJnerCAAAAARzQklUCAgICHwIZIgAAAqbSURBVHic7Zx/TJT1H8Bfd9zBcXh4eCKIhRVOuysEWs6JjDloY7nV1pqz2ipr1JqJMk0brdiUYURomjWbhDVXWw5aQrUxQ8nRD8nSP0wskF9ycYQhP6PjuHue/nB33+4rIuidR30+r40/7vk8z+f9fp7X83w+n+fzOU6jqqqKRBi0oU5AcmuRwgVDChcMKVwwpHDBkMIFQwoXDClcMKRwwZDCBUMKFwwpXDCkcMGQwgVDChcMKVwwpHDBkMIFQwoXDClcMKRwwZDCBUMKFwwpXDCkcMGQwgVDChcMKVwwpHDBmNHCP/vsM956661Qp/GfYkYLdzqdjI6OhjqN/xQzWrgk8OhCncBkzJs3j/Hx8VCn8Z9CMxN/AcLhcBAREYFer2doaIgFCxaEOqVbRnt7O7fffjs6XXCexRnzhF+8eJH29nbcbjfff/89aWlpJCQkcOLECfLz80OdXsAZHBykubmZgYEBoqOjSUpKYu7cuezbt4/CwkLMZnNQ4oZcuKqqfPDBB/z2228sWrSI8PBw9Ho9DQ0NLFu2LKixFUWhoaGBpqYmFi9ezKpVqwgLC6O+vp6YmBhSU1ODEvfs2bN8+OGHLF68mPnz5/Prr79SVVVFVlYWiqIEJaaXkAs/duwYXV1d5Ofno9frfX92u53du3eTmJgYtNjd3d1UVlby8ssvs3v3bhYuXIjFYqGqqorc3NygxPzjjz84cOAAr732GkajEb1eT3h4OBqNhl27dvHXX38FJa6XkApXFIW6ujpUVaW4uBi3243b7cZsNpOSkkJmZibt7e1Bi+9yudBoNJjNZnQ6HYODg5SXlxMXF8fSpUuDEvPcuXNERUVRVlaGoii+c05NTSUjIwO73R7Up3xGDtrGxsbo6uri3LlznD59msLCQsLCwgIeR1EUdu7cicPhQFVVwsLCSEpKYv369YSHhwc83mQ4HA4uXLhAY2MjDz30EEuWLAlKnJAL/2d4jUYz4T7ffPMNzc3NZGdns3DhwgmPnex4776TlQcq10DUcenSJT7//HPuuOMOsrKybijOtQhZk/7nn39SVlZGb28vcOXk77nnHp555hkMBoNvv46ODj766CNSUlJ8sp1OJ5WVlTQ2NvouoEajYfXq1eTk5Pi1BoqisH//fs6fP4/FYqGgoMCvfi+vvPIKw8PDvPHGGxiNRr+y3t5eKioqsNvtvm0Gg4Hc3FysVutVdb399tu0tLSwfft25syZ48ujurqaY8eO+XKOiIggLy+PO++80+/4d999l99//501a9ZM/YJOkZAI7+/v59VXXyU5OZkNGzYQHh6O3W7nvffeY+vWrezYsYOYmBg8Hg8HDx7EYrHw7LPPAnD06FGOHDmCoijce++9pKamotVqOXnyJNXV1Rw9epSioiJMJhMA9fX1jI2NUVpaSm1tLQcOHGDjxo1X5TQ+Po7L5bqq1aitraW6upqoqCgeeeQRYmNj6e/vp6amhj179mCz2di0aZPfMW63G5fL5bdt79699PT0kJeXR0JCAk6nk48//piSkhLWrVvHihUrADh8+DAOh4ONGzf6ziGQhET48ePHiY+P54UXXvBts1qtbNmyheLiYk6fPs3y5ct555138Hg8bNmyhYiICABWrFiBqqpkZmYSGRnpOz49PZ1ffvmFvXv38sknn/Dcc88BV1oSk8mE0WjEYrHQ0tIy5Ty7u7upqalh2bJlPPXUU36TIRkZGezbt4+mpib6+vqwWCzXrKejo4PW1lZef/11Zs2ahUajwWQysWHDBl588UUOHTrE8uXL+eKLL/j666/Jzc3FZrNNOc/pEJK59M7OTgYHB9m8eTPbtm3D6XQCUFdXh16vx2q10tXVhd1uJz093dcsAphMJnJycvxke7n77ruJj4/np59+8i26ZGZm0traSkFBAYcPH55Wng0NDXg8Hmw221WDRp1Ox7p164Arr5aT0dfXB0BxcTGbNm2itrYWgNbWVgAeffRRNBoNp06dYt68eSQnJ9/0eONahER4bGwsOp2OXbt2cdttt3H27FmqqqpobGzkpZdeIiEhAavVSmpqKl9++SXDw8N+x58/f54333yTsrIyOjs7/coMBgOqqvpuIrPZTFFREfn5+Xg8nmnlef/995OTk0NlZSUFBQX8/PPPfuXevv7ChQuT1mMymRgfH2fr1q3k5eVx8uRJ+vv72bNnDytXruSBBx5Ao9Gwfv16enp6OHPmzLTynA4hEZ6VlcXw8DAHDx6kpaWFpKQkvvvuOywWi99Ei8FgwOPx+C2RDg8Ps3//flavXk12djalpaXXfW/V6/XMnj172nkmJSWRnZ2N1WpFVVUGBgb8yr1P4fUmS+666y4SExM5dOgQn376qe98NRoNjz32mG+/mJgYAIaGhqad61QJSR++YMECCgsLuXjxIjk5OcyZMwe3201iYiJa7eT3oNPpRK/XY7PZcLlceDyeqwZagcLlclFSUoLZbGbHjh2+ccR00el0bN68mebmZsLDw1myZAnl5eXodLpb/r4fsteyuLg44uLifJ9VVZ3SCpGqqoyMjLB9+3Y8Hg9Lly697k1yo3R1dXH58mWysrJuWLaXyMhIUlJSfJ/dbvfNpndDhHwufTK8F2UioQkJCTz88MPEx8cHJNY/3+e9eJvqM2fO0N/fT1ZWFnPnzr1uXd4uZroDr7GxMYCgzCp6mbHfeFEUhe7ubnQ6HdHR0b7tXvk6nW5C2ROJm0osl8vlW8j4JxEREaxcuRK3201FRcWU6hoYGECv1xMVFTXlHAB++OEHgCndVDdKyJ/wtrY24H9NdVtbG06nk4aGBjo7O8nIyPBrTo1GI1qtlqamJlpbW/3Eejwe+vv7MRgMfhfbbrczMjICXBkDeGMCjI6OUltby9jYGGvXrvXrVvR6PfHx8aSnp5OYmEh5efmE5+B2u31519XVcenSJR588MEJ++eRkRF6e3sZHR1FURTa2tpQFIWOjg6OHDlCZGQkixYtusGreX1COpeuqqrf5IsXrVbLrFmzsFqtPPnkk+j1er/yb7/9lpqaGoaGhvxG6FqtltmzZ7N27VrS0tJ820tKSq656hYWFkZ0dDRpaWmsWbPGr/sYGxujqKgIi8XC5cuXsVqtPPHEE75yl8tFXl6eX3yTyURycjKPP/74hGOSH3/8ccIbJyIigtjYWHJzc5k/f/6EuQaCkC+ezHS8XYvRaPSbAPq3IoXfBKqqUl9fz6lTp7jvvvvIzs5Gq9XS19fHiRMnWLVq1Yy7SWbsoO3fQHt7O1999RXbtm3j+PHjtLe3o6oqFRUV9PT0zDjZIIXfFG63m6ioKBRFwWg0otFoeP/997Hb7Tz99NOhTm9CZJN+EyiKQmlpKZ2dnSiKglarxWaz8fzzz9/0RE2wkMJvElVVcblcKIpCWFjYLZ8qnS5SuGDIPlwwpHDBkMIFQwoXDClcMKRwwZDCBUMKFwwpXDCkcMGQwgVDChcMKVwwpHDBkMIFQwoXDClcMKRwwZDCBSNg/1u2c+fOQFUlCSIBE+5wOAJVlSSIBOxbq///M1WSmYn8mrJgyEGbYEjhgiGFC4YULhhSuGBI4YIhhQuGFC4YUrhgSOGCIYULhhQuGFK4YEjhgiGFC8bf8Zz4UtddheEAAAAASUVORK5CYII=\"]', 'test4', 2, '2023-10-06 23:04:25');
INSERT INTO `Damage` (`id`, `bp_id`, `user_id`, `dm_brand`, `dm_color`, `dm_details`, `dm_picture`, `dm_vehicle`, `dm_status`, `dm_datedestroy`) VALUES (14, 1, 6, 'test', 'tew2', 'test5', '[\"iVBORw0KGgoAAAANSUhEUgAAAHwAAABiCAYAAACSwrdVAAABJGlDQ1BTa2lhAAAokX2RvUvDQBjGf5Yufg2ig4NDxi5KVVAHXaoQdJJYodUpTdMqNDFcUqpzV/8IN2fH4tC1oyA4Cf4L4uBan7RDCqU+x3v3u4f3Pt47yK0j5YsQhIlx7JJVqV5ZTMj14ojZmoPfj7SH981/8mZpvu7HnsZvRWJ0uLasi9eaY75PuTbmx5RN2TkWP4kLzQmuTXAniRLxIM33IpPyp/gwaLW97N4s+eHlhcaKYoMYB5sSFmUMLqGcBr7YosMtCTeiE1FMREsZD5qfs6ve1iygrZwpZe/Z/YKj/nA4fM28sz687MNCL/MKB7CyCINe5Bp3ZOUVuUYDfp5huQqrb1pzPX1G9hczarVGtdrcqTVVhS/nVLV6bIl2KLLN3h/Ly02cJnerCAAAAARzQklUCAgICHwIZIgAAAqbSURBVHic7Zx/TJT1H8Bfd9zBcXh4eCKIhRVOuysEWs6JjDloY7nV1pqz2ipr1JqJMk0brdiUYURomjWbhDVXWw5aQrUxQ8nRD8nSP0wskF9ycYQhP6PjuHue/nB33+4rIuidR30+r40/7vk8z+f9fp7X83w+n+fzOU6jqqqKRBi0oU5AcmuRwgVDChcMKVwwpHDBkMIFQwoXDClcMKRwwZDCBUMKFwwpXDCkcMGQwgVDChcMKVwwpHDBkMIFQwoXDClcMKRwwZDCBUMKFwwpXDCkcMGQwgVDChcMKVwwpHDBmNHCP/vsM956661Qp/GfYkYLdzqdjI6OhjqN/xQzWrgk8OhCncBkzJs3j/Hx8VCn8Z9CMxN/AcLhcBAREYFer2doaIgFCxaEOqVbRnt7O7fffjs6XXCexRnzhF+8eJH29nbcbjfff/89aWlpJCQkcOLECfLz80OdXsAZHBykubmZgYEBoqOjSUpKYu7cuezbt4/CwkLMZnNQ4oZcuKqqfPDBB/z2228sWrSI8PBw9Ho9DQ0NLFu2LKixFUWhoaGBpqYmFi9ezKpVqwgLC6O+vp6YmBhSU1ODEvfs2bN8+OGHLF68mPnz5/Prr79SVVVFVlYWiqIEJaaXkAs/duwYXV1d5Ofno9frfX92u53du3eTmJgYtNjd3d1UVlby8ssvs3v3bhYuXIjFYqGqqorc3NygxPzjjz84cOAAr732GkajEb1eT3h4OBqNhl27dvHXX38FJa6XkApXFIW6ujpUVaW4uBi3243b7cZsNpOSkkJmZibt7e1Bi+9yudBoNJjNZnQ6HYODg5SXlxMXF8fSpUuDEvPcuXNERUVRVlaGoii+c05NTSUjIwO73R7Up3xGDtrGxsbo6uri3LlznD59msLCQsLCwgIeR1EUdu7cicPhQFVVwsLCSEpKYv369YSHhwc83mQ4HA4uXLhAY2MjDz30EEuWLAlKnJAL/2d4jUYz4T7ffPMNzc3NZGdns3DhwgmPnex4776TlQcq10DUcenSJT7//HPuuOMOsrKybijOtQhZk/7nn39SVlZGb28vcOXk77nnHp555hkMBoNvv46ODj766CNSUlJ8sp1OJ5WVlTQ2NvouoEajYfXq1eTk5Pi1BoqisH//fs6fP4/FYqGgoMCvfi+vvPIKw8PDvPHGGxiNRr+y3t5eKioqsNvtvm0Gg4Hc3FysVutVdb399tu0tLSwfft25syZ48ujurqaY8eO+XKOiIggLy+PO++80+/4d999l99//501a9ZM/YJOkZAI7+/v59VXXyU5OZkNGzYQHh6O3W7nvffeY+vWrezYsYOYmBg8Hg8HDx7EYrHw7LPPAnD06FGOHDmCoijce++9pKamotVqOXnyJNXV1Rw9epSioiJMJhMA9fX1jI2NUVpaSm1tLQcOHGDjxo1X5TQ+Po7L5bqq1aitraW6upqoqCgeeeQRYmNj6e/vp6amhj179mCz2di0aZPfMW63G5fL5bdt79699PT0kJeXR0JCAk6nk48//piSkhLWrVvHihUrADh8+DAOh4ONGzf6ziGQhET48ePHiY+P54UXXvBts1qtbNmyheLiYk6fPs3y5ct555138Hg8bNmyhYiICABWrFiBqqpkZmYSGRnpOz49PZ1ffvmFvXv38sknn/Dcc88BV1oSk8mE0WjEYrHQ0tIy5Ty7u7upqalh2bJlPPXUU36TIRkZGezbt4+mpib6+vqwWCzXrKejo4PW1lZef/11Zs2ahUajwWQysWHDBl588UUOHTrE8uXL+eKLL/j666/Jzc3FZrNNOc/pEJK59M7OTgYHB9m8eTPbtm3D6XQCUFdXh16vx2q10tXVhd1uJz093dcsAphMJnJycvxke7n77ruJj4/np59+8i26ZGZm0traSkFBAYcPH55Wng0NDXg8Hmw221WDRp1Ox7p164Arr5aT0dfXB0BxcTGbNm2itrYWgNbWVgAeffRRNBoNp06dYt68eSQnJ9/0eONahER4bGwsOp2OXbt2cdttt3H27FmqqqpobGzkpZdeIiEhAavVSmpqKl9++SXDw8N+x58/f54333yTsrIyOjs7/coMBgOqqvpuIrPZTFFREfn5+Xg8nmnlef/995OTk0NlZSUFBQX8/PPPfuXevv7ChQuT1mMymRgfH2fr1q3k5eVx8uRJ+vv72bNnDytXruSBBx5Ao9Gwfv16enp6OHPmzLTynA4hEZ6VlcXw8DAHDx6kpaWFpKQkvvvuOywWi99Ei8FgwOPx+C2RDg8Ps3//flavXk12djalpaXXfW/V6/XMnj172nkmJSWRnZ2N1WpFVVUGBgb8yr1P4fUmS+666y4SExM5dOgQn376qe98NRoNjz32mG+/mJgYAIaGhqad61QJSR++YMECCgsLuXjxIjk5OcyZMwe3201iYiJa7eT3oNPpRK/XY7PZcLlceDyeqwZagcLlclFSUoLZbGbHjh2+ccR00el0bN68mebmZsLDw1myZAnl5eXodLpb/r4fsteyuLg44uLifJ9VVZ3SCpGqqoyMjLB9+3Y8Hg9Lly697k1yo3R1dXH58mWysrJuWLaXyMhIUlJSfJ/dbvfNpndDhHwufTK8F2UioQkJCTz88MPEx8cHJNY/3+e9eJvqM2fO0N/fT1ZWFnPnzr1uXd4uZroDr7GxMYCgzCp6mbHfeFEUhe7ubnQ6HdHR0b7tXvk6nW5C2ROJm0osl8vlW8j4JxEREaxcuRK3201FRcWU6hoYGECv1xMVFTXlHAB++OEHgCndVDdKyJ/wtrY24H9NdVtbG06nk4aGBjo7O8nIyPBrTo1GI1qtlqamJlpbW/3Eejwe+vv7MRgMfhfbbrczMjICXBkDeGMCjI6OUltby9jYGGvXrvXrVvR6PfHx8aSnp5OYmEh5efmE5+B2u31519XVcenSJR588MEJ++eRkRF6e3sZHR1FURTa2tpQFIWOjg6OHDlCZGQkixYtusGreX1COpeuqqrf5IsXrVbLrFmzsFqtPPnkk+j1er/yb7/9lpqaGoaGhvxG6FqtltmzZ7N27VrS0tJ820tKSq656hYWFkZ0dDRpaWmsWbPGr/sYGxujqKgIi8XC5cuXsVqtPPHEE75yl8tFXl6eX3yTyURycjKPP/74hGOSH3/8ccIbJyIigtjYWHJzc5k/f/6EuQaCkC+ezHS8XYvRaPSbAPq3IoXfBKqqUl9fz6lTp7jvvvvIzs5Gq9XS19fHiRMnWLVq1Yy7SWbsoO3fQHt7O1999RXbtm3j+PHjtLe3o6oqFRUV9PT0zDjZIIXfFG63m6ioKBRFwWg0otFoeP/997Hb7Tz99NOhTm9CZJN+EyiKQmlpKZ2dnSiKglarxWaz8fzzz9/0RE2wkMJvElVVcblcKIpCWFjYLZ8qnS5SuGDIPlwwpHDBkMIFQwoXDClcMKRwwZDCBUMKFwwpXDCkcMGQwgVDChcMKVwwpHDBkMIFQwoXDClcMKRwwZDCBSNg/1u2c+fOQFUlCSIBE+5wOAJVlSSIBOxbq///M1WSmYn8mrJgyEGbYEjhgiGFC4YULhhSuGBI4YIhhQuGFC4YUrhgSOGCIYULhhQuGFK4YEjhgiGFC8bf8Zz4UtddheEAAAAASUVORK5CYII=\", \"iVBORw0KGgoAAAANSUhEUgAAAHwAAABiCAYAAACSwrdVAAABJGlDQ1BTa2lhAAAokX2RvUvDQBjGf5Yufg2ig4NDxi5KVVAHXaoQdJJYodUpTdMqNDFcUqpzV/8IN2fH4tC1oyA4Cf4L4uBan7RDCqU+x3v3u4f3Pt47yK0j5YsQhIlx7JJVqV5ZTMj14ojZmoPfj7SH981/8mZpvu7HnsZvRWJ0uLasi9eaY75PuTbmx5RN2TkWP4kLzQmuTXAniRLxIM33IpPyp/gwaLW97N4s+eHlhcaKYoMYB5sSFmUMLqGcBr7YosMtCTeiE1FMREsZD5qfs6ve1iygrZwpZe/Z/YKj/nA4fM28sz687MNCL/MKB7CyCINe5Bp3ZOUVuUYDfp5huQqrb1pzPX1G9hczarVGtdrcqTVVhS/nVLV6bIl2KLLN3h/Ly02cJnerCAAAAARzQklUCAgICHwIZIgAAAqbSURBVHic7Zx/TJT1H8Bfd9zBcXh4eCKIhRVOuysEWs6JjDloY7nV1pqz2ipr1JqJMk0brdiUYURomjWbhDVXWw5aQrUxQ8nRD8nSP0wskF9ycYQhP6PjuHue/nB33+4rIuidR30+r40/7vk8z+f9fp7X83w+n+fzOU6jqqqKRBi0oU5AcmuRwgVDChcMKVwwpHDBkMIFQwoXDClcMKRwwZDCBUMKFwwpXDCkcMGQwgVDChcMKVwwpHDBkMIFQwoXDClcMKRwwZDCBUMKFwwpXDCkcMGQwgVDChcMKVwwpHDBmNHCP/vsM956661Qp/GfYkYLdzqdjI6OhjqN/xQzWrgk8OhCncBkzJs3j/Hx8VCn8Z9CMxN/AcLhcBAREYFer2doaIgFCxaEOqVbRnt7O7fffjs6XXCexRnzhF+8eJH29nbcbjfff/89aWlpJCQkcOLECfLz80OdXsAZHBykubmZgYEBoqOjSUpKYu7cuezbt4/CwkLMZnNQ4oZcuKqqfPDBB/z2228sWrSI8PBw9Ho9DQ0NLFu2LKixFUWhoaGBpqYmFi9ezKpVqwgLC6O+vp6YmBhSU1ODEvfs2bN8+OGHLF68mPnz5/Prr79SVVVFVlYWiqIEJaaXkAs/duwYXV1d5Ofno9frfX92u53du3eTmJgYtNjd3d1UVlby8ssvs3v3bhYuXIjFYqGqqorc3NygxPzjjz84cOAAr732GkajEb1eT3h4OBqNhl27dvHXX38FJa6XkApXFIW6ujpUVaW4uBi3243b7cZsNpOSkkJmZibt7e1Bi+9yudBoNJjNZnQ6HYODg5SXlxMXF8fSpUuDEvPcuXNERUVRVlaGoii+c05NTSUjIwO73R7Up3xGDtrGxsbo6uri3LlznD59msLCQsLCwgIeR1EUdu7cicPhQFVVwsLCSEpKYv369YSHhwc83mQ4HA4uXLhAY2MjDz30EEuWLAlKnJAL/2d4jUYz4T7ffPMNzc3NZGdns3DhwgmPnex4776TlQcq10DUcenSJT7//HPuuOMOsrKybijOtQhZk/7nn39SVlZGb28vcOXk77nnHp555hkMBoNvv46ODj766CNSUlJ8sp1OJ5WVlTQ2NvouoEajYfXq1eTk5Pi1BoqisH//fs6fP4/FYqGgoMCvfi+vvPIKw8PDvPHGGxiNRr+y3t5eKioqsNvtvm0Gg4Hc3FysVutVdb399tu0tLSwfft25syZ48ujurqaY8eO+XKOiIggLy+PO++80+/4d999l99//501a9ZM/YJOkZAI7+/v59VXXyU5OZkNGzYQHh6O3W7nvffeY+vWrezYsYOYmBg8Hg8HDx7EYrHw7LPPAnD06FGOHDmCoijce++9pKamotVqOXnyJNXV1Rw9epSioiJMJhMA9fX1jI2NUVpaSm1tLQcOHGDjxo1X5TQ+Po7L5bqq1aitraW6upqoqCgeeeQRYmNj6e/vp6amhj179mCz2di0aZPfMW63G5fL5bdt79699PT0kJeXR0JCAk6nk48//piSkhLWrVvHihUrADh8+DAOh4ONGzf6ziGQhET48ePHiY+P54UXXvBts1qtbNmyheLiYk6fPs3y5ct555138Hg8bNmyhYiICABWrFiBqqpkZmYSGRnpOz49PZ1ffvmFvXv38sknn/Dcc88BV1oSk8mE0WjEYrHQ0tIy5Ty7u7upqalh2bJlPPXUU36TIRkZGezbt4+mpib6+vqwWCzXrKejo4PW1lZef/11Zs2ahUajwWQysWHDBl588UUOHTrE8uXL+eKLL/j666/Jzc3FZrNNOc/pEJK59M7OTgYHB9m8eTPbtm3D6XQCUFdXh16vx2q10tXVhd1uJz093dcsAphMJnJycvxke7n77ruJj4/np59+8i26ZGZm0traSkFBAYcPH55Wng0NDXg8Hmw221WDRp1Ox7p164Arr5aT0dfXB0BxcTGbNm2itrYWgNbWVgAeffRRNBoNp06dYt68eSQnJ9/0eONahER4bGwsOp2OXbt2cdttt3H27FmqqqpobGzkpZdeIiEhAavVSmpqKl9++SXDw8N+x58/f54333yTsrIyOjs7/coMBgOqqvpuIrPZTFFREfn5+Xg8nmnlef/995OTk0NlZSUFBQX8/PPPfuXevv7ChQuT1mMymRgfH2fr1q3k5eVx8uRJ+vv72bNnDytXruSBBx5Ao9Gwfv16enp6OHPmzLTynA4hEZ6VlcXw8DAHDx6kpaWFpKQkvvvuOywWi99Ei8FgwOPx+C2RDg8Ps3//flavXk12djalpaXXfW/V6/XMnj172nkmJSWRnZ2N1WpFVVUGBgb8yr1P4fUmS+666y4SExM5dOgQn376qe98NRoNjz32mG+/mJgYAIaGhqad61QJSR++YMECCgsLuXjxIjk5OcyZMwe3201iYiJa7eT3oNPpRK/XY7PZcLlceDyeqwZagcLlclFSUoLZbGbHjh2+ccR00el0bN68mebmZsLDw1myZAnl5eXodLpb/r4fsteyuLg44uLifJ9VVZ3SCpGqqoyMjLB9+3Y8Hg9Lly697k1yo3R1dXH58mWysrJuWLaXyMhIUlJSfJ/dbvfNpndDhHwufTK8F2UioQkJCTz88MPEx8cHJNY/3+e9eJvqM2fO0N/fT1ZWFnPnzr1uXd4uZroDr7GxMYCgzCp6mbHfeFEUhe7ubnQ6HdHR0b7tXvk6nW5C2ROJm0osl8vlW8j4JxEREaxcuRK3201FRcWU6hoYGECv1xMVFTXlHAB++OEHgCndVDdKyJ/wtrY24H9NdVtbG06nk4aGBjo7O8nIyPBrTo1GI1qtlqamJlpbW/3Eejwe+vv7MRgMfhfbbrczMjICXBkDeGMCjI6OUltby9jYGGvXrvXrVvR6PfHx8aSnp5OYmEh5efmE5+B2u31519XVcenSJR588MEJ++eRkRF6e3sZHR1FURTa2tpQFIWOjg6OHDlCZGQkixYtusGreX1COpeuqqrf5IsXrVbLrFmzsFqtPPnkk+j1er/yb7/9lpqaGoaGhvxG6FqtltmzZ7N27VrS0tJ820tKSq656hYWFkZ0dDRpaWmsWbPGr/sYGxujqKgIi8XC5cuXsVqtPPHEE75yl8tFXl6eX3yTyURycjKPP/74hGOSH3/8ccIbJyIigtjYWHJzc5k/f/6EuQaCkC+ezHS8XYvRaPSbAPq3IoXfBKqqUl9fz6lTp7jvvvvIzs5Gq9XS19fHiRMnWLVq1Yy7SWbsoO3fQHt7O1999RXbtm3j+PHjtLe3o6oqFRUV9PT0zDjZIIXfFG63m6ioKBRFwWg0otFoeP/997Hb7Tz99NOhTm9CZJN+EyiKQmlpKZ2dnSiKglarxWaz8fzzz9/0RE2wkMJvElVVcblcKIpCWFjYLZ8qnS5SuGDIPlwwpHDBkMIFQwoXDClcMKRwwZDCBUMKFwwpXDCkcMGQwgVDChcMKVwwpHDBkMIFQwoXDClcMKRwwZDCBSNg/1u2c+fOQFUlCSIBE+5wOAJVlSSIBOxbq///M1WSmYn8mrJgyEGbYEjhgiGFC4YULhhSuGBI4YIhhQuGFC4YUrhgSOGCIYULhhQuGFK4YEjhgiGFC8bf8Zz4UtddheEAAAAASUVORK5CYII=\", \"iVBORw0KGgoAAAANSUhEUgAAAHwAAABiCAYAAACSwrdVAAABJGlDQ1BTa2lhAAAokX2RvUvDQBjGf5Yufg2ig4NDxi5KVVAHXaoQdJJYodUpTdMqNDFcUqpzV/8IN2fH4tC1oyA4Cf4L4uBan7RDCqU+x3v3u4f3Pt47yK0j5YsQhIlx7JJVqV5ZTMj14ojZmoPfj7SH981/8mZpvu7HnsZvRWJ0uLasi9eaY75PuTbmx5RN2TkWP4kLzQmuTXAniRLxIM33IpPyp/gwaLW97N4s+eHlhcaKYoMYB5sSFmUMLqGcBr7YosMtCTeiE1FMREsZD5qfs6ve1iygrZwpZe/Z/YKj/nA4fM28sz687MNCL/MKB7CyCINe5Bp3ZOUVuUYDfp5huQqrb1pzPX1G9hczarVGtdrcqTVVhS/nVLV6bIl2KLLN3h/Ly02cJnerCAAAAARzQklUCAgICHwIZIgAAAqbSURBVHic7Zx/TJT1H8Bfd9zBcXh4eCKIhRVOuysEWs6JjDloY7nV1pqz2ipr1JqJMk0brdiUYURomjWbhDVXWw5aQrUxQ8nRD8nSP0wskF9ycYQhP6PjuHue/nB33+4rIuidR30+r40/7vk8z+f9fp7X83w+n+fzOU6jqqqKRBi0oU5AcmuRwgVDChcMKVwwpHDBkMIFQwoXDClcMKRwwZDCBUMKFwwpXDCkcMGQwgVDChcMKVwwpHDBkMIFQwoXDClcMKRwwZDCBUMKFwwpXDCkcMGQwgVDChcMKVwwpHDBmNHCP/vsM956661Qp/GfYkYLdzqdjI6OhjqN/xQzWrgk8OhCncBkzJs3j/Hx8VCn8Z9CMxN/AcLhcBAREYFer2doaIgFCxaEOqVbRnt7O7fffjs6XXCexRnzhF+8eJH29nbcbjfff/89aWlpJCQkcOLECfLz80OdXsAZHBykubmZgYEBoqOjSUpKYu7cuezbt4/CwkLMZnNQ4oZcuKqqfPDBB/z2228sWrSI8PBw9Ho9DQ0NLFu2LKixFUWhoaGBpqYmFi9ezKpVqwgLC6O+vp6YmBhSU1ODEvfs2bN8+OGHLF68mPnz5/Prr79SVVVFVlYWiqIEJaaXkAs/duwYXV1d5Ofno9frfX92u53du3eTmJgYtNjd3d1UVlby8ssvs3v3bhYuXIjFYqGqqorc3NygxPzjjz84cOAAr732GkajEb1eT3h4OBqNhl27dvHXX38FJa6XkApXFIW6ujpUVaW4uBi3243b7cZsNpOSkkJmZibt7e1Bi+9yudBoNJjNZnQ6HYODg5SXlxMXF8fSpUuDEvPcuXNERUVRVlaGoii+c05NTSUjIwO73R7Up3xGDtrGxsbo6uri3LlznD59msLCQsLCwgIeR1EUdu7cicPhQFVVwsLCSEpKYv369YSHhwc83mQ4HA4uXLhAY2MjDz30EEuWLAlKnJAL/2d4jUYz4T7ffPMNzc3NZGdns3DhwgmPnex4776TlQcq10DUcenSJT7//HPuuOMOsrKybijOtQhZk/7nn39SVlZGb28vcOXk77nnHp555hkMBoNvv46ODj766CNSUlJ8sp1OJ5WVlTQ2NvouoEajYfXq1eTk5Pi1BoqisH//fs6fP4/FYqGgoMCvfi+vvPIKw8PDvPHGGxiNRr+y3t5eKioqsNvtvm0Gg4Hc3FysVutVdb399tu0tLSwfft25syZ48ujurqaY8eO+XKOiIggLy+PO++80+/4d999l99//501a9ZM/YJOkZAI7+/v59VXXyU5OZkNGzYQHh6O3W7nvffeY+vWrezYsYOYmBg8Hg8HDx7EYrHw7LPPAnD06FGOHDmCoijce++9pKamotVqOXnyJNXV1Rw9epSioiJMJhMA9fX1jI2NUVpaSm1tLQcOHGDjxo1X5TQ+Po7L5bqq1aitraW6upqoqCgeeeQRYmNj6e/vp6amhj179mCz2di0aZPfMW63G5fL5bdt79699PT0kJeXR0JCAk6nk48//piSkhLWrVvHihUrADh8+DAOh4ONGzf6ziGQhET48ePHiY+P54UXXvBts1qtbNmyheLiYk6fPs3y5ct555138Hg8bNmyhYiICABWrFiBqqpkZmYSGRnpOz49PZ1ffvmFvXv38sknn/Dcc88BV1oSk8mE0WjEYrHQ0tIy5Ty7u7upqalh2bJlPPXUU36TIRkZGezbt4+mpib6+vqwWCzXrKejo4PW1lZef/11Zs2ahUajwWQysWHDBl588UUOHTrE8uXL+eKLL/j666/Jzc3FZrNNOc/pEJK59M7OTgYHB9m8eTPbtm3D6XQCUFdXh16vx2q10tXVhd1uJz093dcsAphMJnJycvxke7n77ruJj4/np59+8i26ZGZm0traSkFBAYcPH55Wng0NDXg8Hmw221WDRp1Ox7p164Arr5aT0dfXB0BxcTGbNm2itrYWgNbWVgAeffRRNBoNp06dYt68eSQnJ9/0eONahER4bGwsOp2OXbt2cdttt3H27FmqqqpobGzkpZdeIiEhAavVSmpqKl9++SXDw8N+x58/f54333yTsrIyOjs7/coMBgOqqvpuIrPZTFFREfn5+Xg8nmnlef/995OTk0NlZSUFBQX8/PPPfuXevv7ChQuT1mMymRgfH2fr1q3k5eVx8uRJ+vv72bNnDytXruSBBx5Ao9Gwfv16enp6OHPmzLTynA4hEZ6VlcXw8DAHDx6kpaWFpKQkvvvuOywWi99Ei8FgwOPx+C2RDg8Ps3//flavXk12djalpaXXfW/V6/XMnj172nkmJSWRnZ2N1WpFVVUGBgb8yr1P4fUmS+666y4SExM5dOgQn376qe98NRoNjz32mG+/mJgYAIaGhqad61QJSR++YMECCgsLuXjxIjk5OcyZMwe3201iYiJa7eT3oNPpRK/XY7PZcLlceDyeqwZagcLlclFSUoLZbGbHjh2+ccR00el0bN68mebmZsLDw1myZAnl5eXodLpb/r4fsteyuLg44uLifJ9VVZ3SCpGqqoyMjLB9+3Y8Hg9Lly697k1yo3R1dXH58mWysrJuWLaXyMhIUlJSfJ/dbvfNpndDhHwufTK8F2UioQkJCTz88MPEx8cHJNY/3+e9eJvqM2fO0N/fT1ZWFnPnzr1uXd4uZroDr7GxMYCgzCp6mbHfeFEUhe7ubnQ6HdHR0b7tXvk6nW5C2ROJm0osl8vlW8j4JxEREaxcuRK3201FRcWU6hoYGECv1xMVFTXlHAB++OEHgCndVDdKyJ/wtrY24H9NdVtbG06nk4aGBjo7O8nIyPBrTo1GI1qtlqamJlpbW/3Eejwe+vv7MRgMfhfbbrczMjICXBkDeGMCjI6OUltby9jYGGvXrvXrVvR6PfHx8aSnp5OYmEh5efmE5+B2u31519XVcenSJR588MEJ++eRkRF6e3sZHR1FURTa2tpQFIWOjg6OHDlCZGQkixYtusGreX1COpeuqqrf5IsXrVbLrFmzsFqtPPnkk+j1er/yb7/9lpqaGoaGhvxG6FqtltmzZ7N27VrS0tJ820tKSq656hYWFkZ0dDRpaWmsWbPGr/sYGxujqKgIi8XC5cuXsVqtPPHEE75yl8tFXl6eX3yTyURycjKPP/74hGOSH3/8ccIbJyIigtjYWHJzc5k/f/6EuQaCkC+ezHS8XYvRaPSbAPq3IoXfBKqqUl9fz6lTp7jvvvvIzs5Gq9XS19fHiRMnWLVq1Yy7SWbsoO3fQHt7O1999RXbtm3j+PHjtLe3o6oqFRUV9PT0zDjZIIXfFG63m6ioKBRFwWg0otFoeP/997Hb7Tz99NOhTm9CZJN+EyiKQmlpKZ2dnSiKglarxWaz8fzzz9/0RE2wkMJvElVVcblcKIpCWFjYLZ8qnS5SuGDIPlwwpHDBkMIFQwoXDClcMKRwwZDCBUMKFwwpXDCkcMGQwgVDChcMKVwwpHDBkMIFQwoXDClcMKRwwZDCBSNg/1u2c+fOQFUlCSIBE+5wOAJVlSSIBOxbq///M1WSmYn8mrJgyEGbYEjhgiGFC4YULhhSuGBI4YIhhQuGFC4YUrhgSOGCIYULhhQuGFK4YEjhgiGFC8bf8Zz4UtddheEAAAAASUVORK5CYII=\"]', 'test3', 0, '2023-10-08 00:39:31');
INSERT INTO `Damage` (`id`, `bp_id`, `user_id`, `dm_brand`, `dm_color`, `dm_details`, `dm_picture`, `dm_vehicle`, `dm_status`, `dm_datedestroy`) VALUES (15, 1, 6, 'test', 'test', 'test', '[\"iVBORw0KGgoAAAANSUhEUgAAAHwAAABiCAYAAACSwrdVAAABJGlDQ1BTa2lhAAAokX2RvUvDQBjGf5Yufg2ig4NDxi5KVVAHXaoQdJJYodUpTdMqNDFcUqpzV/8IN2fH4tC1oyA4Cf4L4uBan7RDCqU+x3v3u4f3Pt47yK0j5YsQhIlx7JJVqV5ZTMj14ojZmoPfj7SH981/8mZpvu7HnsZvRWJ0uLasi9eaY75PuTbmx5RN2TkWP4kLzQmuTXAniRLxIM33IpPyp/gwaLW97N4s+eHlhcaKYoMYB5sSFmUMLqGcBr7YosMtCTeiE1FMREsZD5qfs6ve1iygrZwpZe/Z/YKj/nA4fM28sz687MNCL/MKB7CyCINe5Bp3ZOUVuUYDfp5huQqrb1pzPX1G9hczarVGtdrcqTVVhS/nVLV6bIl2KLLN3h/Ly02cJnerCAAAAARzQklUCAgICHwIZIgAAAqbSURBVHic7Zx/TJT1H8Bfd9zBcXh4eCKIhRVOuysEWs6JjDloY7nV1pqz2ipr1JqJMk0brdiUYURomjWbhDVXWw5aQrUxQ8nRD8nSP0wskF9ycYQhP6PjuHue/nB33+4rIuidR30+r40/7vk8z+f9fp7X83w+n+fzOU6jqqqKRBi0oU5AcmuRwgVDChcMKVwwpHDBkMIFQwoXDClcMKRwwZDCBUMKFwwpXDCkcMGQwgVDChcMKVwwpHDBkMIFQwoXDClcMKRwwZDCBUMKFwwpXDCkcMGQwgVDChcMKVwwpHDBmNHCP/vsM956661Qp/GfYkYLdzqdjI6OhjqN/xQzWrgk8OhCncBkzJs3j/Hx8VCn8Z9CMxN/AcLhcBAREYFer2doaIgFCxaEOqVbRnt7O7fffjs6XXCexRnzhF+8eJH29nbcbjfff/89aWlpJCQkcOLECfLz80OdXsAZHBykubmZgYEBoqOjSUpKYu7cuezbt4/CwkLMZnNQ4oZcuKqqfPDBB/z2228sWrSI8PBw9Ho9DQ0NLFu2LKixFUWhoaGBpqYmFi9ezKpVqwgLC6O+vp6YmBhSU1ODEvfs2bN8+OGHLF68mPnz5/Prr79SVVVFVlYWiqIEJaaXkAs/duwYXV1d5Ofno9frfX92u53du3eTmJgYtNjd3d1UVlby8ssvs3v3bhYuXIjFYqGqqorc3NygxPzjjz84cOAAr732GkajEb1eT3h4OBqNhl27dvHXX38FJa6XkApXFIW6ujpUVaW4uBi3243b7cZsNpOSkkJmZibt7e1Bi+9yudBoNJjNZnQ6HYODg5SXlxMXF8fSpUuDEvPcuXNERUVRVlaGoii+c05NTSUjIwO73R7Up3xGDtrGxsbo6uri3LlznD59msLCQsLCwgIeR1EUdu7cicPhQFVVwsLCSEpKYv369YSHhwc83mQ4HA4uXLhAY2MjDz30EEuWLAlKnJAL/2d4jUYz4T7ffPMNzc3NZGdns3DhwgmPnex4776TlQcq10DUcenSJT7//HPuuOMOsrKybijOtQhZk/7nn39SVlZGb28vcOXk77nnHp555hkMBoNvv46ODj766CNSUlJ8sp1OJ5WVlTQ2NvouoEajYfXq1eTk5Pi1BoqisH//fs6fP4/FYqGgoMCvfi+vvPIKw8PDvPHGGxiNRr+y3t5eKioqsNvtvm0Gg4Hc3FysVutVdb399tu0tLSwfft25syZ48ujurqaY8eO+XKOiIggLy+PO++80+/4d999l99//501a9ZM/YJOkZAI7+/v59VXXyU5OZkNGzYQHh6O3W7nvffeY+vWrezYsYOYmBg8Hg8HDx7EYrHw7LPPAnD06FGOHDmCoijce++9pKamotVqOXnyJNXV1Rw9epSioiJMJhMA9fX1jI2NUVpaSm1tLQcOHGDjxo1X5TQ+Po7L5bqq1aitraW6upqoqCgeeeQRYmNj6e/vp6amhj179mCz2di0aZPfMW63G5fL5bdt79699PT0kJeXR0JCAk6nk48//piSkhLWrVvHihUrADh8+DAOh4ONGzf6ziGQhET48ePHiY+P54UXXvBts1qtbNmyheLiYk6fPs3y5ct555138Hg8bNmyhYiICABWrFiBqqpkZmYSGRnpOz49PZ1ffvmFvXv38sknn/Dcc88BV1oSk8mE0WjEYrHQ0tIy5Ty7u7upqalh2bJlPPXUU36TIRkZGezbt4+mpib6+vqwWCzXrKejo4PW1lZef/11Zs2ahUajwWQysWHDBl588UUOHTrE8uXL+eKLL/j666/Jzc3FZrNNOc/pEJK59M7OTgYHB9m8eTPbtm3D6XQCUFdXh16vx2q10tXVhd1uJz093dcsAphMJnJycvxke7n77ruJj4/np59+8i26ZGZm0traSkFBAYcPH55Wng0NDXg8Hmw221WDRp1Ox7p164Arr5aT0dfXB0BxcTGbNm2itrYWgNbWVgAeffRRNBoNp06dYt68eSQnJ9/0eONahER4bGwsOp2OXbt2cdttt3H27FmqqqpobGzkpZdeIiEhAavVSmpqKl9++SXDw8N+x58/f54333yTsrIyOjs7/coMBgOqqvpuIrPZTFFREfn5+Xg8nmnlef/995OTk0NlZSUFBQX8/PPPfuXevv7ChQuT1mMymRgfH2fr1q3k5eVx8uRJ+vv72bNnDytXruSBBx5Ao9Gwfv16enp6OHPmzLTynA4hEZ6VlcXw8DAHDx6kpaWFpKQkvvvuOywWi99Ei8FgwOPx+C2RDg8Ps3//flavXk12djalpaXXfW/V6/XMnj172nkmJSWRnZ2N1WpFVVUGBgb8yr1P4fUmS+666y4SExM5dOgQn376qe98NRoNjz32mG+/mJgYAIaGhqad61QJSR++YMECCgsLuXjxIjk5OcyZMwe3201iYiJa7eT3oNPpRK/XY7PZcLlceDyeqwZagcLlclFSUoLZbGbHjh2+ccR00el0bN68mebmZsLDw1myZAnl5eXodLpb/r4fsteyuLg44uLifJ9VVZ3SCpGqqoyMjLB9+3Y8Hg9Lly697k1yo3R1dXH58mWysrJuWLaXyMhIUlJSfJ/dbvfNpndDhHwufTK8F2UioQkJCTz88MPEx8cHJNY/3+e9eJvqM2fO0N/fT1ZWFnPnzr1uXd4uZroDr7GxMYCgzCp6mbHfeFEUhe7ubnQ6HdHR0b7tXvk6nW5C2ROJm0osl8vlW8j4JxEREaxcuRK3201FRcWU6hoYGECv1xMVFTXlHAB++OEHgCndVDdKyJ/wtrY24H9NdVtbG06nk4aGBjo7O8nIyPBrTo1GI1qtlqamJlpbW/3Eejwe+vv7MRgMfhfbbrczMjICXBkDeGMCjI6OUltby9jYGGvXrvXrVvR6PfHx8aSnp5OYmEh5efmE5+B2u31519XVcenSJR588MEJ++eRkRF6e3sZHR1FURTa2tpQFIWOjg6OHDlCZGQkixYtusGreX1COpeuqqrf5IsXrVbLrFmzsFqtPPnkk+j1er/yb7/9lpqaGoaGhvxG6FqtltmzZ7N27VrS0tJ820tKSq656hYWFkZ0dDRpaWmsWbPGr/sYGxujqKgIi8XC5cuXsVqtPPHEE75yl8tFXl6eX3yTyURycjKPP/74hGOSH3/8ccIbJyIigtjYWHJzc5k/f/6EuQaCkC+ezHS8XYvRaPSbAPq3IoXfBKqqUl9fz6lTp7jvvvvIzs5Gq9XS19fHiRMnWLVq1Yy7SWbsoO3fQHt7O1999RXbtm3j+PHjtLe3o6oqFRUV9PT0zDjZIIXfFG63m6ioKBRFwWg0otFoeP/997Hb7Tz99NOhTm9CZJN+EyiKQmlpKZ2dnSiKglarxWaz8fzzz9/0RE2wkMJvElVVcblcKIpCWFjYLZ8qnS5SuGDIPlwwpHDBkMIFQwoXDClcMKRwwZDCBUMKFwwpXDCkcMGQwgVDChcMKVwwpHDBkMIFQwoXDClcMKRwwZDCBSNg/1u2c+fOQFUlCSIBE+5wOAJVlSSIBOxbq///M1WSmYn8mrJgyEGbYEjhgiGFC4YULhhSuGBI4YIhhQuGFC4YUrhgSOGCIYULhhQuGFK4YEjhgiGFC8bf8Zz4UtddheEAAAAASUVORK5CYII=\", \"iVBORw0KGgoAAAANSUhEUgAAAHwAAABiCAYAAACSwrdVAAABJGlDQ1BTa2lhAAAokX2RvUvDQBjGf5Yufg2ig4NDxi5KVVAHXaoQdJJYodUpTdMqNDFcUqpzV/8IN2fH4tC1oyA4Cf4L4uBan7RDCqU+x3v3u4f3Pt47yK0j5YsQhIlx7JJVqV5ZTMj14ojZmoPfj7SH981/8mZpvu7HnsZvRWJ0uLasi9eaY75PuTbmx5RN2TkWP4kLzQmuTXAniRLxIM33IpPyp/gwaLW97N4s+eHlhcaKYoMYB5sSFmUMLqGcBr7YosMtCTeiE1FMREsZD5qfs6ve1iygrZwpZe/Z/YKj/nA4fM28sz687MNCL/MKB7CyCINe5Bp3ZOUVuUYDfp5huQqrb1pzPX1G9hczarVGtdrcqTVVhS/nVLV6bIl2KLLN3h/Ly02cJnerCAAAAARzQklUCAgICHwIZIgAAAqbSURBVHic7Zx/TJT1H8Bfd9zBcXh4eCKIhRVOuysEWs6JjDloY7nV1pqz2ipr1JqJMk0brdiUYURomjWbhDVXWw5aQrUxQ8nRD8nSP0wskF9ycYQhP6PjuHue/nB33+4rIuidR30+r40/7vk8z+f9fp7X83w+n+fzOU6jqqqKRBi0oU5AcmuRwgVDChcMKVwwpHDBkMIFQwoXDClcMKRwwZDCBUMKFwwpXDCkcMGQwgVDChcMKVwwpHDBkMIFQwoXDClcMKRwwZDCBUMKFwwpXDCkcMGQwgVDChcMKVwwpHDBmNHCP/vsM956661Qp/GfYkYLdzqdjI6OhjqN/xQzWrgk8OhCncBkzJs3j/Hx8VCn8Z9CMxN/AcLhcBAREYFer2doaIgFCxaEOqVbRnt7O7fffjs6XXCexRnzhF+8eJH29nbcbjfff/89aWlpJCQkcOLECfLz80OdXsAZHBykubmZgYEBoqOjSUpKYu7cuezbt4/CwkLMZnNQ4oZcuKqqfPDBB/z2228sWrSI8PBw9Ho9DQ0NLFu2LKixFUWhoaGBpqYmFi9ezKpVqwgLC6O+vp6YmBhSU1ODEvfs2bN8+OGHLF68mPnz5/Prr79SVVVFVlYWiqIEJaaXkAs/duwYXV1d5Ofno9frfX92u53du3eTmJgYtNjd3d1UVlby8ssvs3v3bhYuXIjFYqGqqorc3NygxPzjjz84cOAAr732GkajEb1eT3h4OBqNhl27dvHXX38FJa6XkApXFIW6ujpUVaW4uBi3243b7cZsNpOSkkJmZibt7e1Bi+9yudBoNJjNZnQ6HYODg5SXlxMXF8fSpUuDEvPcuXNERUVRVlaGoii+c05NTSUjIwO73R7Up3xGDtrGxsbo6uri3LlznD59msLCQsLCwgIeR1EUdu7cicPhQFVVwsLCSEpKYv369YSHhwc83mQ4HA4uXLhAY2MjDz30EEuWLAlKnJAL/2d4jUYz4T7ffPMNzc3NZGdns3DhwgmPnex4776TlQcq10DUcenSJT7//HPuuOMOsrKybijOtQhZk/7nn39SVlZGb28vcOXk77nnHp555hkMBoNvv46ODj766CNSUlJ8sp1OJ5WVlTQ2NvouoEajYfXq1eTk5Pi1BoqisH//fs6fP4/FYqGgoMCvfi+vvPIKw8PDvPHGGxiNRr+y3t5eKioqsNvtvm0Gg4Hc3FysVutVdb399tu0tLSwfft25syZ48ujurqaY8eO+XKOiIggLy+PO++80+/4d999l99//501a9ZM/YJOkZAI7+/v59VXXyU5OZkNGzYQHh6O3W7nvffeY+vWrezYsYOYmBg8Hg8HDx7EYrHw7LPPAnD06FGOHDmCoijce++9pKamotVqOXnyJNXV1Rw9epSioiJMJhMA9fX1jI2NUVpaSm1tLQcOHGDjxo1X5TQ+Po7L5bqq1aitraW6upqoqCgeeeQRYmNj6e/vp6amhj179mCz2di0aZPfMW63G5fL5bdt79699PT0kJeXR0JCAk6nk48//piSkhLWrVvHihUrADh8+DAOh4ONGzf6ziGQhET48ePHiY+P54UXXvBts1qtbNmyheLiYk6fPs3y5ct555138Hg8bNmyhYiICABWrFiBqqpkZmYSGRnpOz49PZ1ffvmFvXv38sknn/Dcc88BV1oSk8mE0WjEYrHQ0tIy5Ty7u7upqalh2bJlPPXUU36TIRkZGezbt4+mpib6+vqwWCzXrKejo4PW1lZef/11Zs2ahUajwWQysWHDBl588UUOHTrE8uXL+eKLL/j666/Jzc3FZrNNOc/pEJK59M7OTgYHB9m8eTPbtm3D6XQCUFdXh16vx2q10tXVhd1uJz093dcsAphMJnJycvxke7n77ruJj4/np59+8i26ZGZm0traSkFBAYcPH55Wng0NDXg8Hmw221WDRp1Ox7p164Arr5aT0dfXB0BxcTGbNm2itrYWgNbWVgAeffRRNBoNp06dYt68eSQnJ9/0eONahER4bGwsOp2OXbt2cdttt3H27FmqqqpobGzkpZdeIiEhAavVSmpqKl9++SXDw8N+x58/f54333yTsrIyOjs7/coMBgOqqvpuIrPZTFFREfn5+Xg8nmnlef/995OTk0NlZSUFBQX8/PPPfuXevv7ChQuT1mMymRgfH2fr1q3k5eVx8uRJ+vv72bNnDytXruSBBx5Ao9Gwfv16enp6OHPmzLTynA4hEZ6VlcXw8DAHDx6kpaWFpKQkvvvuOywWi99Ei8FgwOPx+C2RDg8Ps3//flavXk12djalpaXXfW/V6/XMnj172nkmJSWRnZ2N1WpFVVUGBgb8yr1P4fUmS+666y4SExM5dOgQn376qe98NRoNjz32mG+/mJgYAIaGhqad61QJSR++YMECCgsLuXjxIjk5OcyZMwe3201iYiJa7eT3oNPpRK/XY7PZcLlceDyeqwZagcLlclFSUoLZbGbHjh2+ccR00el0bN68mebmZsLDw1myZAnl5eXodLpb/r4fsteyuLg44uLifJ9VVZ3SCpGqqoyMjLB9+3Y8Hg9Lly697k1yo3R1dXH58mWysrJuWLaXyMhIUlJSfJ/dbvfNpndDhHwufTK8F2UioQkJCTz88MPEx8cHJNY/3+e9eJvqM2fO0N/fT1ZWFnPnzr1uXd4uZroDr7GxMYCgzCp6mbHfeFEUhe7ubnQ6HdHR0b7tXvk6nW5C2ROJm0osl8vlW8j4JxEREaxcuRK3201FRcWU6hoYGECv1xMVFTXlHAB++OEHgCndVDdKyJ/wtrY24H9NdVtbG06nk4aGBjo7O8nIyPBrTo1GI1qtlqamJlpbW/3Eejwe+vv7MRgMfhfbbrczMjICXBkDeGMCjI6OUltby9jYGGvXrvXrVvR6PfHx8aSnp5OYmEh5efmE5+B2u31519XVcenSJR588MEJ++eRkRF6e3sZHR1FURTa2tpQFIWOjg6OHDlCZGQkixYtusGreX1COpeuqqrf5IsXrVbLrFmzsFqtPPnkk+j1er/yb7/9lpqaGoaGhvxG6FqtltmzZ7N27VrS0tJ820tKSq656hYWFkZ0dDRpaWmsWbPGr/sYGxujqKgIi8XC5cuXsVqtPPHEE75yl8tFXl6eX3yTyURycjKPP/74hGOSH3/8ccIbJyIigtjYWHJzc5k/f/6EuQaCkC+ezHS8XYvRaPSbAPq3IoXfBKqqUl9fz6lTp7jvvvvIzs5Gq9XS19fHiRMnWLVq1Yy7SWbsoO3fQHt7O1999RXbtm3j+PHjtLe3o6oqFRUV9PT0zDjZIIXfFG63m6ioKBRFwWg0otFoeP/997Hb7Tz99NOhTm9CZJN+EyiKQmlpKZ2dnSiKglarxWaz8fzzz9/0RE2wkMJvElVVcblcKIpCWFjYLZ8qnS5SuGDIPlwwpHDBkMIFQwoXDClcMKRwwZDCBUMKFwwpXDCkcMGQwgVDChcMKVwwpHDBkMIFQwoXDClcMKRwwZDCBSNg/1u2c+fOQFUlCSIBE+5wOAJVlSSIBOxbq///M1WSmYn8mrJgyEGbYEjhgiGFC4YULhhSuGBI4YIhhQuGFC4YUrhgSOGCIYULhhQuGFK4YEjhgiGFC8bf8Zz4UtddheEAAAAASUVORK5CYII=\"]', 'test', 2, '2023-10-08 00:40:49');
INSERT INTO `Damage` (`id`, `bp_id`, `user_id`, `dm_brand`, `dm_color`, `dm_details`, `dm_picture`, `dm_vehicle`, `dm_status`, `dm_datedestroy`) VALUES (16, 6, 14, 'test', 'test22', 'testasdaw23jk213i12j3oi12uioawudioaqwu', '[\"iVBORw0KGgoAAAANSUhEUgAAAHwAAABiCAYAAACSwrdVAAABJGlDQ1BTa2lhAAAokX2RvUvDQBjGf5Yufg2ig4NDxi5KVVAHXaoQdJJYodUpTdMqNDFcUqpzV/8IN2fH4tC1oyA4Cf4L4uBan7RDCqU+x3v3u4f3Pt47yK0j5YsQhIlx7JJVqV5ZTMj14ojZmoPfj7SH981/8mZpvu7HnsZvRWJ0uLasi9eaY75PuTbmx5RN2TkWP4kLzQmuTXAniRLxIM33IpPyp/gwaLW97N4s+eHlhcaKYoMYB5sSFmUMLqGcBr7YosMtCTeiE1FMREsZD5qfs6ve1iygrZwpZe/Z/YKj/nA4fM28sz687MNCL/MKB7CyCINe5Bp3ZOUVuUYDfp5huQqrb1pzPX1G9hczarVGtdrcqTVVhS/nVLV6bIl2KLLN3h/Ly02cJnerCAAAAARzQklUCAgICHwIZIgAAAqbSURBVHic7Zx/TJT1H8Bfd9zBcXh4eCKIhRVOuysEWs6JjDloY7nV1pqz2ipr1JqJMk0brdiUYURomjWbhDVXWw5aQrUxQ8nRD8nSP0wskF9ycYQhP6PjuHue/nB33+4rIuidR30+r40/7vk8z+f9fp7X83w+n+fzOU6jqqqKRBi0oU5AcmuRwgVDChcMKVwwpHDBkMIFQwoXDClcMKRwwZDCBUMKFwwpXDCkcMGQwgVDChcMKVwwpHDBkMIFQwoXDClcMKRwwZDCBUMKFwwpXDCkcMGQwgVDChcMKVwwpHDBmNHCP/vsM956661Qp/GfYkYLdzqdjI6OhjqN/xQzWrgk8OhCncBkzJs3j/Hx8VCn8Z9CMxN/AcLhcBAREYFer2doaIgFCxaEOqVbRnt7O7fffjs6XXCexRnzhF+8eJH29nbcbjfff/89aWlpJCQkcOLECfLz80OdXsAZHBykubmZgYEBoqOjSUpKYu7cuezbt4/CwkLMZnNQ4oZcuKqqfPDBB/z2228sWrSI8PBw9Ho9DQ0NLFu2LKixFUWhoaGBpqYmFi9ezKpVqwgLC6O+vp6YmBhSU1ODEvfs2bN8+OGHLF68mPnz5/Prr79SVVVFVlYWiqIEJaaXkAs/duwYXV1d5Ofno9frfX92u53du3eTmJgYtNjd3d1UVlby8ssvs3v3bhYuXIjFYqGqqorc3NygxPzjjz84cOAAr732GkajEb1eT3h4OBqNhl27dvHXX38FJa6XkApXFIW6ujpUVaW4uBi3243b7cZsNpOSkkJmZibt7e1Bi+9yudBoNJjNZnQ6HYODg5SXlxMXF8fSpUuDEvPcuXNERUVRVlaGoii+c05NTSUjIwO73R7Up3xGDtrGxsbo6uri3LlznD59msLCQsLCwgIeR1EUdu7cicPhQFVVwsLCSEpKYv369YSHhwc83mQ4HA4uXLhAY2MjDz30EEuWLAlKnJAL/2d4jUYz4T7ffPMNzc3NZGdns3DhwgmPnex4776TlQcq10DUcenSJT7//HPuuOMOsrKybijOtQhZk/7nn39SVlZGb28vcOXk77nnHp555hkMBoNvv46ODj766CNSUlJ8sp1OJ5WVlTQ2NvouoEajYfXq1eTk5Pi1BoqisH//fs6fP4/FYqGgoMCvfi+vvPIKw8PDvPHGGxiNRr+y3t5eKioqsNvtvm0Gg4Hc3FysVutVdb399tu0tLSwfft25syZ48ujurqaY8eO+XKOiIggLy+PO++80+/4d999l99//501a9ZM/YJOkZAI7+/v59VXXyU5OZkNGzYQHh6O3W7nvffeY+vWrezYsYOYmBg8Hg8HDx7EYrHw7LPPAnD06FGOHDmCoijce++9pKamotVqOXnyJNXV1Rw9epSioiJMJhMA9fX1jI2NUVpaSm1tLQcOHGDjxo1X5TQ+Po7L5bqq1aitraW6upqoqCgeeeQRYmNj6e/vp6amhj179mCz2di0aZPfMW63G5fL5bdt79699PT0kJeXR0JCAk6nk48//piSkhLWrVvHihUrADh8+DAOh4ONGzf6ziGQhET48ePHiY+P54UXXvBts1qtbNmyheLiYk6fPs3y5ct555138Hg8bNmyhYiICABWrFiBqqpkZmYSGRnpOz49PZ1ffvmFvXv38sknn/Dcc88BV1oSk8mE0WjEYrHQ0tIy5Ty7u7upqalh2bJlPPXUU36TIRkZGezbt4+mpib6+vqwWCzXrKejo4PW1lZef/11Zs2ahUajwWQysWHDBl588UUOHTrE8uXL+eKLL/j666/Jzc3FZrNNOc/pEJK59M7OTgYHB9m8eTPbtm3D6XQCUFdXh16vx2q10tXVhd1uJz093dcsAphMJnJycvxke7n77ruJj4/np59+8i26ZGZm0traSkFBAYcPH55Wng0NDXg8Hmw221WDRp1Ox7p164Arr5aT0dfXB0BxcTGbNm2itrYWgNbWVgAeffRRNBoNp06dYt68eSQnJ9/0eONahER4bGwsOp2OXbt2cdttt3H27FmqqqpobGzkpZdeIiEhAavVSmpqKl9++SXDw8N+x58/f54333yTsrIyOjs7/coMBgOqqvpuIrPZTFFREfn5+Xg8nmnlef/995OTk0NlZSUFBQX8/PPPfuXevv7ChQuT1mMymRgfH2fr1q3k5eVx8uRJ+vv72bNnDytXruSBBx5Ao9Gwfv16enp6OHPmzLTynA4hEZ6VlcXw8DAHDx6kpaWFpKQkvvvuOywWi99Ei8FgwOPx+C2RDg8Ps3//flavXk12djalpaXXfW/V6/XMnj172nkmJSWRnZ2N1WpFVVUGBgb8yr1P4fUmS+666y4SExM5dOgQn376qe98NRoNjz32mG+/mJgYAIaGhqad61QJSR++YMECCgsLuXjxIjk5OcyZMwe3201iYiJa7eT3oNPpRK/XY7PZcLlceDyeqwZagcLlclFSUoLZbGbHjh2+ccR00el0bN68mebmZsLDw1myZAnl5eXodLpb/r4fsteyuLg44uLifJ9VVZ3SCpGqqoyMjLB9+3Y8Hg9Lly697k1yo3R1dXH58mWysrJuWLaXyMhIUlJSfJ/dbvfNpndDhHwufTK8F2UioQkJCTz88MPEx8cHJNY/3+e9eJvqM2fO0N/fT1ZWFnPnzr1uXd4uZroDr7GxMYCgzCp6mbHfeFEUhe7ubnQ6HdHR0b7tXvk6nW5C2ROJm0osl8vlW8j4JxEREaxcuRK3201FRcWU6hoYGECv1xMVFTXlHAB++OEHgCndVDdKyJ/wtrY24H9NdVtbG06nk4aGBjo7O8nIyPBrTo1GI1qtlqamJlpbW/3Eejwe+vv7MRgMfhfbbrczMjICXBkDeGMCjI6OUltby9jYGGvXrvXrVvR6PfHx8aSnp5OYmEh5efmE5+B2u31519XVcenSJR588MEJ++eRkRF6e3sZHR1FURTa2tpQFIWOjg6OHDlCZGQkixYtusGreX1COpeuqqrf5IsXrVbLrFmzsFqtPPnkk+j1er/yb7/9lpqaGoaGhvxG6FqtltmzZ7N27VrS0tJ820tKSq656hYWFkZ0dDRpaWmsWbPGr/sYGxujqKgIi8XC5cuXsVqtPPHEE75yl8tFXl6eX3yTyURycjKPP/74hGOSH3/8ccIbJyIigtjYWHJzc5k/f/6EuQaCkC+ezHS8XYvRaPSbAPq3IoXfBKqqUl9fz6lTp7jvvvvIzs5Gq9XS19fHiRMnWLVq1Yy7SWbsoO3fQHt7O1999RXbtm3j+PHjtLe3o6oqFRUV9PT0zDjZIIXfFG63m6ioKBRFwWg0otFoeP/997Hb7Tz99NOhTm9CZJN+EyiKQmlpKZ2dnSiKglarxWaz8fzzz9/0RE2wkMJvElVVcblcKIpCWFjYLZ8qnS5SuGDIPlwwpHDBkMIFQwoXDClcMKRwwZDCBUMKFwwpXDCkcMGQwgVDChcMKVwwpHDBkMIFQwoXDClcMKRwwZDCBSNg/1u2c+fOQFUlCSIBE+5wOAJVlSSIBOxbq///M1WSmYn8mrJgyEGbYEjhgiGFC4YULhhSuGBI4YIhhQuGFC4YUrhgSOGCIYULhhQuGFK4YEjhgiGFC8bf8Zz4UtddheEAAAAASUVORK5CYII=\", \"iVBORw0KGgoAAAANSUhEUgAAAHwAAABiCAYAAACSwrdVAAABJGlDQ1BTa2lhAAAokX2RvUvDQBjGf5Yufg2ig4NDxi5KVVAHXaoQdJJYodUpTdMqNDFcUqpzV/8IN2fH4tC1oyA4Cf4L4uBan7RDCqU+x3v3u4f3Pt47yK0j5YsQhIlx7JJVqV5ZTMj14ojZmoPfj7SH981/8mZpvu7HnsZvRWJ0uLasi9eaY75PuTbmx5RN2TkWP4kLzQmuTXAniRLxIM33IpPyp/gwaLW97N4s+eHlhcaKYoMYB5sSFmUMLqGcBr7YosMtCTeiE1FMREsZD5qfs6ve1iygrZwpZe/Z/YKj/nA4fM28sz687MNCL/MKB7CyCINe5Bp3ZOUVuUYDfp5huQqrb1pzPX1G9hczarVGtdrcqTVVhS/nVLV6bIl2KLLN3h/Ly02cJnerCAAAAARzQklUCAgICHwIZIgAAAqbSURBVHic7Zx/TJT1H8Bfd9zBcXh4eCKIhRVOuysEWs6JjDloY7nV1pqz2ipr1JqJMk0brdiUYURomjWbhDVXWw5aQrUxQ8nRD8nSP0wskF9ycYQhP6PjuHue/nB33+4rIuidR30+r40/7vk8z+f9fp7X83w+n+fzOU6jqqqKRBi0oU5AcmuRwgVDChcMKVwwpHDBkMIFQwoXDClcMKRwwZDCBUMKFwwpXDCkcMGQwgVDChcMKVwwpHDBkMIFQwoXDClcMKRwwZDCBUMKFwwpXDCkcMGQwgVDChcMKVwwpHDBmNHCP/vsM956661Qp/GfYkYLdzqdjI6OhjqN/xQzWrgk8OhCncBkzJs3j/Hx8VCn8Z9CMxN/AcLhcBAREYFer2doaIgFCxaEOqVbRnt7O7fffjs6XXCexRnzhF+8eJH29nbcbjfff/89aWlpJCQkcOLECfLz80OdXsAZHBykubmZgYEBoqOjSUpKYu7cuezbt4/CwkLMZnNQ4oZcuKqqfPDBB/z2228sWrSI8PBw9Ho9DQ0NLFu2LKixFUWhoaGBpqYmFi9ezKpVqwgLC6O+vp6YmBhSU1ODEvfs2bN8+OGHLF68mPnz5/Prr79SVVVFVlYWiqIEJaaXkAs/duwYXV1d5Ofno9frfX92u53du3eTmJgYtNjd3d1UVlby8ssvs3v3bhYuXIjFYqGqqorc3NygxPzjjz84cOAAr732GkajEb1eT3h4OBqNhl27dvHXX38FJa6XkApXFIW6ujpUVaW4uBi3243b7cZsNpOSkkJmZibt7e1Bi+9yudBoNJjNZnQ6HYODg5SXlxMXF8fSpUuDEvPcuXNERUVRVlaGoii+c05NTSUjIwO73R7Up3xGDtrGxsbo6uri3LlznD59msLCQsLCwgIeR1EUdu7cicPhQFVVwsLCSEpKYv369YSHhwc83mQ4HA4uXLhAY2MjDz30EEuWLAlKnJAL/2d4jUYz4T7ffPMNzc3NZGdns3DhwgmPnex4776TlQcq10DUcenSJT7//HPuuOMOsrKybijOtQhZk/7nn39SVlZGb28vcOXk77nnHp555hkMBoNvv46ODj766CNSUlJ8sp1OJ5WVlTQ2NvouoEajYfXq1eTk5Pi1BoqisH//fs6fP4/FYqGgoMCvfi+vvPIKw8PDvPHGGxiNRr+y3t5eKioqsNvtvm0Gg4Hc3FysVutVdb399tu0tLSwfft25syZ48ujurqaY8eO+XKOiIggLy+PO++80+/4d999l99//501a9ZM/YJOkZAI7+/v59VXXyU5OZkNGzYQHh6O3W7nvffeY+vWrezYsYOYmBg8Hg8HDx7EYrHw7LPPAnD06FGOHDmCoijce++9pKamotVqOXnyJNXV1Rw9epSioiJMJhMA9fX1jI2NUVpaSm1tLQcOHGDjxo1X5TQ+Po7L5bqq1aitraW6upqoqCgeeeQRYmNj6e/vp6amhj179mCz2di0aZPfMW63G5fL5bdt79699PT0kJeXR0JCAk6nk48//piSkhLWrVvHihUrADh8+DAOh4ONGzf6ziGQhET48ePHiY+P54UXXvBts1qtbNmyheLiYk6fPs3y5ct555138Hg8bNmyhYiICABWrFiBqqpkZmYSGRnpOz49PZ1ffvmFvXv38sknn/Dcc88BV1oSk8mE0WjEYrHQ0tIy5Ty7u7upqalh2bJlPPXUU36TIRkZGezbt4+mpib6+vqwWCzXrKejo4PW1lZef/11Zs2ahUajwWQysWHDBl588UUOHTrE8uXL+eKLL/j666/Jzc3FZrNNOc/pEJK59M7OTgYHB9m8eTPbtm3D6XQCUFdXh16vx2q10tXVhd1uJz093dcsAphMJnJycvxke7n77ruJj4/np59+8i26ZGZm0traSkFBAYcPH55Wng0NDXg8Hmw221WDRp1Ox7p164Arr5aT0dfXB0BxcTGbNm2itrYWgNbWVgAeffRRNBoNp06dYt68eSQnJ9/0eONahER4bGwsOp2OXbt2cdttt3H27FmqqqpobGzkpZdeIiEhAavVSmpqKl9++SXDw8N+x58/f54333yTsrIyOjs7/coMBgOqqvpuIrPZTFFREfn5+Xg8nmnlef/995OTk0NlZSUFBQX8/PPPfuXevv7ChQuT1mMymRgfH2fr1q3k5eVx8uRJ+vv72bNnDytXruSBBx5Ao9Gwfv16enp6OHPmzLTynA4hEZ6VlcXw8DAHDx6kpaWFpKQkvvvuOywWi99Ei8FgwOPx+C2RDg8Ps3//flavXk12djalpaXXfW/V6/XMnj172nkmJSWRnZ2N1WpFVVUGBgb8yr1P4fUmS+666y4SExM5dOgQn376qe98NRoNjz32mG+/mJgYAIaGhqad61QJSR++YMECCgsLuXjxIjk5OcyZMwe3201iYiJa7eT3oNPpRK/XY7PZcLlceDyeqwZagcLlclFSUoLZbGbHjh2+ccR00el0bN68mebmZsLDw1myZAnl5eXodLpb/r4fsteyuLg44uLifJ9VVZ3SCpGqqoyMjLB9+3Y8Hg9Lly697k1yo3R1dXH58mWysrJuWLaXyMhIUlJSfJ/dbvfNpndDhHwufTK8F2UioQkJCTz88MPEx8cHJNY/3+e9eJvqM2fO0N/fT1ZWFnPnzr1uXd4uZroDr7GxMYCgzCp6mbHfeFEUhe7ubnQ6HdHR0b7tXvk6nW5C2ROJm0osl8vlW8j4JxEREaxcuRK3201FRcWU6hoYGECv1xMVFTXlHAB++OEHgCndVDdKyJ/wtrY24H9NdVtbG06nk4aGBjo7O8nIyPBrTo1GI1qtlqamJlpbW/3Eejwe+vv7MRgMfhfbbrczMjICXBkDeGMCjI6OUltby9jYGGvXrvXrVvR6PfHx8aSnp5OYmEh5efmE5+B2u31519XVcenSJR588MEJ++eRkRF6e3sZHR1FURTa2tpQFIWOjg6OHDlCZGQkixYtusGreX1COpeuqqrf5IsXrVbLrFmzsFqtPPnkk+j1er/yb7/9lpqaGoaGhvxG6FqtltmzZ7N27VrS0tJ820tKSq656hYWFkZ0dDRpaWmsWbPGr/sYGxujqKgIi8XC5cuXsVqtPPHEE75yl8tFXl6eX3yTyURycjKPP/74hGOSH3/8ccIbJyIigtjYWHJzc5k/f/6EuQaCkC+ezHS8XYvRaPSbAPq3IoXfBKqqUl9fz6lTp7jvvvvIzs5Gq9XS19fHiRMnWLVq1Yy7SWbsoO3fQHt7O1999RXbtm3j+PHjtLe3o6oqFRUV9PT0zDjZIIXfFG63m6ioKBRFwWg0otFoeP/997Hb7Tz99NOhTm9CZJN+EyiKQmlpKZ2dnSiKglarxWaz8fzzz9/0RE2wkMJvElVVcblcKIpCWFjYLZ8qnS5SuGDIPlwwpHDBkMIFQwoXDClcMKRwwZDCBUMKFwwpXDCkcMGQwgVDChcMKVwwpHDBkMIFQwoXDClcMKRwwZDCBSNg/1u2c+fOQFUlCSIBE+5wOAJVlSSIBOxbq///M1WSmYn8mrJgyEGbYEjhgiGFC4YULhhSuGBI4YIhhQuGFC4YUrhgSOGCIYULhhQuGFK4YEjhgiGFC8bf8Zz4UtddheEAAAAASUVORK5CYII=\", \"iVBORw0KGgoAAAANSUhEUgAAAHwAAABiCAYAAACSwrdVAAABJGlDQ1BTa2lhAAAokX2RvUvDQBjGf5Yufg2ig4NDxi5KVVAHXaoQdJJYodUpTdMqNDFcUqpzV/8IN2fH4tC1oyA4Cf4L4uBan7RDCqU+x3v3u4f3Pt47yK0j5YsQhIlx7JJVqV5ZTMj14ojZmoPfj7SH981/8mZpvu7HnsZvRWJ0uLasi9eaY75PuTbmx5RN2TkWP4kLzQmuTXAniRLxIM33IpPyp/gwaLW97N4s+eHlhcaKYoMYB5sSFmUMLqGcBr7YosMtCTeiE1FMREsZD5qfs6ve1iygrZwpZe/Z/YKj/nA4fM28sz687MNCL/MKB7CyCINe5Bp3ZOUVuUYDfp5huQqrb1pzPX1G9hczarVGtdrcqTVVhS/nVLV6bIl2KLLN3h/Ly02cJnerCAAAAARzQklUCAgICHwIZIgAAAqbSURBVHic7Zx/TJT1H8Bfd9zBcXh4eCKIhRVOuysEWs6JjDloY7nV1pqz2ipr1JqJMk0brdiUYURomjWbhDVXWw5aQrUxQ8nRD8nSP0wskF9ycYQhP6PjuHue/nB33+4rIuidR30+r40/7vk8z+f9fp7X83w+n+fzOU6jqqqKRBi0oU5AcmuRwgVDChcMKVwwpHDBkMIFQwoXDClcMKRwwZDCBUMKFwwpXDCkcMGQwgVDChcMKVwwpHDBkMIFQwoXDClcMKRwwZDCBUMKFwwpXDCkcMGQwgVDChcMKVwwpHDBmNHCP/vsM956661Qp/GfYkYLdzqdjI6OhjqN/xQzWrgk8OhCncBkzJs3j/Hx8VCn8Z9CMxN/AcLhcBAREYFer2doaIgFCxaEOqVbRnt7O7fffjs6XXCexRnzhF+8eJH29nbcbjfff/89aWlpJCQkcOLECfLz80OdXsAZHBykubmZgYEBoqOjSUpKYu7cuezbt4/CwkLMZnNQ4oZcuKqqfPDBB/z2228sWrSI8PBw9Ho9DQ0NLFu2LKixFUWhoaGBpqYmFi9ezKpVqwgLC6O+vp6YmBhSU1ODEvfs2bN8+OGHLF68mPnz5/Prr79SVVVFVlYWiqIEJaaXkAs/duwYXV1d5Ofno9frfX92u53du3eTmJgYtNjd3d1UVlby8ssvs3v3bhYuXIjFYqGqqorc3NygxPzjjz84cOAAr732GkajEb1eT3h4OBqNhl27dvHXX38FJa6XkApXFIW6ujpUVaW4uBi3243b7cZsNpOSkkJmZibt7e1Bi+9yudBoNJjNZnQ6HYODg5SXlxMXF8fSpUuDEvPcuXNERUVRVlaGoii+c05NTSUjIwO73R7Up3xGDtrGxsbo6uri3LlznD59msLCQsLCwgIeR1EUdu7cicPhQFVVwsLCSEpKYv369YSHhwc83mQ4HA4uXLhAY2MjDz30EEuWLAlKnJAL/2d4jUYz4T7ffPMNzc3NZGdns3DhwgmPnex4776TlQcq10DUcenSJT7//HPuuOMOsrKybijOtQhZk/7nn39SVlZGb28vcOXk77nnHp555hkMBoNvv46ODj766CNSUlJ8sp1OJ5WVlTQ2NvouoEajYfXq1eTk5Pi1BoqisH//fs6fP4/FYqGgoMCvfi+vvPIKw8PDvPHGGxiNRr+y3t5eKioqsNvtvm0Gg4Hc3FysVutVdb399tu0tLSwfft25syZ48ujurqaY8eO+XKOiIggLy+PO++80+/4d999l99//501a9ZM/YJOkZAI7+/v59VXXyU5OZkNGzYQHh6O3W7nvffeY+vWrezYsYOYmBg8Hg8HDx7EYrHw7LPPAnD06FGOHDmCoijce++9pKamotVqOXnyJNXV1Rw9epSioiJMJhMA9fX1jI2NUVpaSm1tLQcOHGDjxo1X5TQ+Po7L5bqq1aitraW6upqoqCgeeeQRYmNj6e/vp6amhj179mCz2di0aZPfMW63G5fL5bdt79699PT0kJeXR0JCAk6nk48//piSkhLWrVvHihUrADh8+DAOh4ONGzf6ziGQhET48ePHiY+P54UXXvBts1qtbNmyheLiYk6fPs3y5ct555138Hg8bNmyhYiICABWrFiBqqpkZmYSGRnpOz49PZ1ffvmFvXv38sknn/Dcc88BV1oSk8mE0WjEYrHQ0tIy5Ty7u7upqalh2bJlPPXUU36TIRkZGezbt4+mpib6+vqwWCzXrKejo4PW1lZef/11Zs2ahUajwWQysWHDBl588UUOHTrE8uXL+eKLL/j666/Jzc3FZrNNOc/pEJK59M7OTgYHB9m8eTPbtm3D6XQCUFdXh16vx2q10tXVhd1uJz093dcsAphMJnJycvxke7n77ruJj4/np59+8i26ZGZm0traSkFBAYcPH55Wng0NDXg8Hmw221WDRp1Ox7p164Arr5aT0dfXB0BxcTGbNm2itrYWgNbWVgAeffRRNBoNp06dYt68eSQnJ9/0eONahER4bGwsOp2OXbt2cdttt3H27FmqqqpobGzkpZdeIiEhAavVSmpqKl9++SXDw8N+x58/f54333yTsrIyOjs7/coMBgOqqvpuIrPZTFFREfn5+Xg8nmnlef/995OTk0NlZSUFBQX8/PPPfuXevv7ChQuT1mMymRgfH2fr1q3k5eVx8uRJ+vv72bNnDytXruSBBx5Ao9Gwfv16enp6OHPmzLTynA4hEZ6VlcXw8DAHDx6kpaWFpKQkvvvuOywWi99Ei8FgwOPx+C2RDg8Ps3//flavXk12djalpaXXfW/V6/XMnj172nkmJSWRnZ2N1WpFVVUGBgb8yr1P4fUmS+666y4SExM5dOgQn376qe98NRoNjz32mG+/mJgYAIaGhqad61QJSR++YMECCgsLuXjxIjk5OcyZMwe3201iYiJa7eT3oNPpRK/XY7PZcLlceDyeqwZagcLlclFSUoLZbGbHjh2+ccR00el0bN68mebmZsLDw1myZAnl5eXodLpb/r4fsteyuLg44uLifJ9VVZ3SCpGqqoyMjLB9+3Y8Hg9Lly697k1yo3R1dXH58mWysrJuWLaXyMhIUlJSfJ/dbvfNpndDhHwufTK8F2UioQkJCTz88MPEx8cHJNY/3+e9eJvqM2fO0N/fT1ZWFnPnzr1uXd4uZroDr7GxMYCgzCp6mbHfeFEUhe7ubnQ6HdHR0b7tXvk6nW5C2ROJm0osl8vlW8j4JxEREaxcuRK3201FRcWU6hoYGECv1xMVFTXlHAB++OEHgCndVDdKyJ/wtrY24H9NdVtbG06nk4aGBjo7O8nIyPBrTo1GI1qtlqamJlpbW/3Eejwe+vv7MRgMfhfbbrczMjICXBkDeGMCjI6OUltby9jYGGvXrvXrVvR6PfHx8aSnp5OYmEh5efmE5+B2u31519XVcenSJR588MEJ++eRkRF6e3sZHR1FURTa2tpQFIWOjg6OHDlCZGQkixYtusGreX1COpeuqqrf5IsXrVbLrFmzsFqtPPnkk+j1er/yb7/9lpqaGoaGhvxG6FqtltmzZ7N27VrS0tJ820tKSq656hYWFkZ0dDRpaWmsWbPGr/sYGxujqKgIi8XC5cuXsVqtPPHEE75yl8tFXl6eX3yTyURycjKPP/74hGOSH3/8ccIbJyIigtjYWHJzc5k/f/6EuQaCkC+ezHS8XYvRaPSbAPq3IoXfBKqqUl9fz6lTp7jvvvvIzs5Gq9XS19fHiRMnWLVq1Yy7SWbsoO3fQHt7O1999RXbtm3j+PHjtLe3o6oqFRUV9PT0zDjZIIXfFG63m6ioKBRFwWg0otFoeP/997Hb7Tz99NOhTm9CZJN+EyiKQmlpKZ2dnSiKglarxWaz8fzzz9/0RE2wkMJvElVVcblcKIpCWFjYLZ8qnS5SuGDIPlwwpHDBkMIFQwoXDClcMKRwwZDCBUMKFwwpXDCkcMGQwgVDChcMKVwwpHDBkMIFQwoXDClcMKRwwZDCBSNg/1u2c+fOQFUlCSIBE+5wOAJVlSSIBOxbq///M1WSmYn8mrJgyEGbYEjhgiGFC4YULhhSuGBI4YIhhQuGFC4YUrhgSOGCIYULhhQuGFK4YEjhgiGFC8bf8Zz4UtddheEAAAAASUVORK5CYII=\", \"iVBORw0KGgoAAAANSUhEUgAAAHwAAABiCAYAAACSwrdVAAABJGlDQ1BTa2lhAAAokX2RvUvDQBjGf5Yufg2ig4NDxi5KVVAHXaoQdJJYodUpTdMqNDFcUqpzV/8IN2fH4tC1oyA4Cf4L4uBan7RDCqU+x3v3u4f3Pt47yK0j5YsQhIlx7JJVqV5ZTMj14ojZmoPfj7SH981/8mZpvu7HnsZvRWJ0uLasi9eaY75PuTbmx5RN2TkWP4kLzQmuTXAniRLxIM33IpPyp/gwaLW97N4s+eHlhcaKYoMYB5sSFmUMLqGcBr7YosMtCTeiE1FMREsZD5qfs6ve1iygrZwpZe/Z/YKj/nA4fM28sz687MNCL/MKB7CyCINe5Bp3ZOUVuUYDfp5huQqrb1pzPX1G9hczarVGtdrcqTVVhS/nVLV6bIl2KLLN3h/Ly02cJnerCAAAAARzQklUCAgICHwIZIgAAAqbSURBVHic7Zx/TJT1H8Bfd9zBcXh4eCKIhRVOuysEWs6JjDloY7nV1pqz2ipr1JqJMk0brdiUYURomjWbhDVXWw5aQrUxQ8nRD8nSP0wskF9ycYQhP6PjuHue/nB33+4rIuidR30+r40/7vk8z+f9fp7X83w+n+fzOU6jqqqKRBi0oU5AcmuRwgVDChcMKVwwpHDBkMIFQwoXDClcMKRwwZDCBUMKFwwpXDCkcMGQwgVDChcMKVwwpHDBkMIFQwoXDClcMKRwwZDCBUMKFwwpXDCkcMGQwgVDChcMKVwwpHDBmNHCP/vsM956661Qp/GfYkYLdzqdjI6OhjqN/xQzWrgk8OhCncBkzJs3j/Hx8VCn8Z9CMxN/AcLhcBAREYFer2doaIgFCxaEOqVbRnt7O7fffjs6XXCexRnzhF+8eJH29nbcbjfff/89aWlpJCQkcOLECfLz80OdXsAZHBykubmZgYEBoqOjSUpKYu7cuezbt4/CwkLMZnNQ4oZcuKqqfPDBB/z2228sWrSI8PBw9Ho9DQ0NLFu2LKixFUWhoaGBpqYmFi9ezKpVqwgLC6O+vp6YmBhSU1ODEvfs2bN8+OGHLF68mPnz5/Prr79SVVVFVlYWiqIEJaaXkAs/duwYXV1d5Ofno9frfX92u53du3eTmJgYtNjd3d1UVlby8ssvs3v3bhYuXIjFYqGqqorc3NygxPzjjz84cOAAr732GkajEb1eT3h4OBqNhl27dvHXX38FJa6XkApXFIW6ujpUVaW4uBi3243b7cZsNpOSkkJmZibt7e1Bi+9yudBoNJjNZnQ6HYODg5SXlxMXF8fSpUuDEvPcuXNERUVRVlaGoii+c05NTSUjIwO73R7Up3xGDtrGxsbo6uri3LlznD59msLCQsLCwgIeR1EUdu7cicPhQFVVwsLCSEpKYv369YSHhwc83mQ4HA4uXLhAY2MjDz30EEuWLAlKnJAL/2d4jUYz4T7ffPMNzc3NZGdns3DhwgmPnex4776TlQcq10DUcenSJT7//HPuuOMOsrKybijOtQhZk/7nn39SVlZGb28vcOXk77nnHp555hkMBoNvv46ODj766CNSUlJ8sp1OJ5WVlTQ2NvouoEajYfXq1eTk5Pi1BoqisH//fs6fP4/FYqGgoMCvfi+vvPIKw8PDvPHGGxiNRr+y3t5eKioqsNvtvm0Gg4Hc3FysVutVdb399tu0tLSwfft25syZ48ujurqaY8eO+XKOiIggLy+PO++80+/4d999l99//501a9ZM/YJOkZAI7+/v59VXXyU5OZkNGzYQHh6O3W7nvffeY+vWrezYsYOYmBg8Hg8HDx7EYrHw7LPPAnD06FGOHDmCoijce++9pKamotVqOXnyJNXV1Rw9epSioiJMJhMA9fX1jI2NUVpaSm1tLQcOHGDjxo1X5TQ+Po7L5bqq1aitraW6upqoqCgeeeQRYmNj6e/vp6amhj179mCz2di0aZPfMW63G5fL5bdt79699PT0kJeXR0JCAk6nk48//piSkhLWrVvHihUrADh8+DAOh4ONGzf6ziGQhET48ePHiY+P54UXXvBts1qtbNmyheLiYk6fPs3y5ct555138Hg8bNmyhYiICABWrFiBqqpkZmYSGRnpOz49PZ1ffvmFvXv38sknn/Dcc88BV1oSk8mE0WjEYrHQ0tIy5Ty7u7upqalh2bJlPPXUU36TIRkZGezbt4+mpib6+vqwWCzXrKejo4PW1lZef/11Zs2ahUajwWQysWHDBl588UUOHTrE8uXL+eKLL/j666/Jzc3FZrNNOc/pEJK59M7OTgYHB9m8eTPbtm3D6XQCUFdXh16vx2q10tXVhd1uJz093dcsAphMJnJycvxke7n77ruJj4/np59+8i26ZGZm0traSkFBAYcPH55Wng0NDXg8Hmw221WDRp1Ox7p164Arr5aT0dfXB0BxcTGbNm2itrYWgNbWVgAeffRRNBoNp06dYt68eSQnJ9/0eONahER4bGwsOp2OXbt2cdttt3H27FmqqqpobGzkpZdeIiEhAavVSmpqKl9++SXDw8N+x58/f54333yTsrIyOjs7/coMBgOqqvpuIrPZTFFREfn5+Xg8nmnlef/995OTk0NlZSUFBQX8/PPPfuXevv7ChQuT1mMymRgfH2fr1q3k5eVx8uRJ+vv72bNnDytXruSBBx5Ao9Gwfv16enp6OHPmzLTynA4hEZ6VlcXw8DAHDx6kpaWFpKQkvvvuOywWi99Ei8FgwOPx+C2RDg8Ps3//flavXk12djalpaXXfW/V6/XMnj172nkmJSWRnZ2N1WpFVVUGBgb8yr1P4fUmS+666y4SExM5dOgQn376qe98NRoNjz32mG+/mJgYAIaGhqad61QJSR++YMECCgsLuXjxIjk5OcyZMwe3201iYiJa7eT3oNPpRK/XY7PZcLlceDyeqwZagcLlclFSUoLZbGbHjh2+ccR00el0bN68mebmZsLDw1myZAnl5eXodLpb/r4fsteyuLg44uLifJ9VVZ3SCpGqqoyMjLB9+3Y8Hg9Lly697k1yo3R1dXH58mWysrJuWLaXyMhIUlJSfJ/dbvfNpndDhHwufTK8F2UioQkJCTz88MPEx8cHJNY/3+e9eJvqM2fO0N/fT1ZWFnPnzr1uXd4uZroDr7GxMYCgzCp6mbHfeFEUhe7ubnQ6HdHR0b7tXvk6nW5C2ROJm0osl8vlW8j4JxEREaxcuRK3201FRcWU6hoYGECv1xMVFTXlHAB++OEHgCndVDdKyJ/wtrY24H9NdVtbG06nk4aGBjo7O8nIyPBrTo1GI1qtlqamJlpbW/3Eejwe+vv7MRgMfhfbbrczMjICXBkDeGMCjI6OUltby9jYGGvXrvXrVvR6PfHx8aSnp5OYmEh5efmE5+B2u31519XVcenSJR588MEJ++eRkRF6e3sZHR1FURTa2tpQFIWOjg6OHDlCZGQkixYtusGreX1COpeuqqrf5IsXrVbLrFmzsFqtPPnkk+j1er/yb7/9lpqaGoaGhvxG6FqtltmzZ7N27VrS0tJ820tKSq656hYWFkZ0dDRpaWmsWbPGr/sYGxujqKgIi8XC5cuXsVqtPPHEE75yl8tFXl6eX3yTyURycjKPP/74hGOSH3/8ccIbJyIigtjYWHJzc5k/f/6EuQaCkC+ezHS8XYvRaPSbAPq3IoXfBKqqUl9fz6lTp7jvvvvIzs5Gq9XS19fHiRMnWLVq1Yy7SWbsoO3fQHt7O1999RXbtm3j+PHjtLe3o6oqFRUV9PT0zDjZIIXfFG63m6ioKBRFwWg0otFoeP/997Hb7Tz99NOhTm9CZJN+EyiKQmlpKZ2dnSiKglarxWaz8fzzz9/0RE2wkMJvElVVcblcKIpCWFjYLZ8qnS5SuGDIPlwwpHDBkMIFQwoXDClcMKRwwZDCBUMKFwwpXDCkcMGQwgVDChcMKVwwpHDBkMIFQwoXDClcMKRwwZDCBSNg/1u2c+fOQFUlCSIBE+5wOAJVlSSIBOxbq///M1WSmYn8mrJgyEGbYEjhgiGFC4YULhhSuGBI4YIhhQuGFC4YUrhgSOGCIYULhhQuGFK4YEjhgiGFC8bf8Zz4UtddheEAAAAASUVORK5CYII=\", \"iVBORw0KGgoAAAANSUhEUgAAAHwAAABiCAYAAACSwrdVAAABJGlDQ1BTa2lhAAAokX2RvUvDQBjGf5Yufg2ig4NDxi5KVVAHXaoQdJJYodUpTdMqNDFcUqpzV/8IN2fH4tC1oyA4Cf4L4uBan7RDCqU+x3v3u4f3Pt47yK0j5YsQhIlx7JJVqV5ZTMj14ojZmoPfj7SH981/8mZpvu7HnsZvRWJ0uLasi9eaY75PuTbmx5RN2TkWP4kLzQmuTXAniRLxIM33IpPyp/gwaLW97N4s+eHlhcaKYoMYB5sSFmUMLqGcBr7YosMtCTeiE1FMREsZD5qfs6ve1iygrZwpZe/Z/YKj/nA4fM28sz687MNCL/MKB7CyCINe5Bp3ZOUVuUYDfp5huQqrb1pzPX1G9hczarVGtdrcqTVVhS/nVLV6bIl2KLLN3h/Ly02cJnerCAAAAARzQklUCAgICHwIZIgAAAqbSURBVHic7Zx/TJT1H8Bfd9zBcXh4eCKIhRVOuysEWs6JjDloY7nV1pqz2ipr1JqJMk0brdiUYURomjWbhDVXWw5aQrUxQ8nRD8nSP0wskF9ycYQhP6PjuHue/nB33+4rIuidR30+r40/7vk8z+f9fp7X83w+n+fzOU6jqqqKRBi0oU5AcmuRwgVDChcMKVwwpHDBkMIFQwoXDClcMKRwwZDCBUMKFwwpXDCkcMGQwgVDChcMKVwwpHDBkMIFQwoXDClcMKRwwZDCBUMKFwwpXDCkcMGQwgVDChcMKVwwpHDBmNHCP/vsM956661Qp/GfYkYLdzqdjI6OhjqN/xQzWrgk8OhCncBkzJs3j/Hx8VCn8Z9CMxN/AcLhcBAREYFer2doaIgFCxaEOqVbRnt7O7fffjs6XXCexRnzhF+8eJH29nbcbjfff/89aWlpJCQkcOLECfLz80OdXsAZHBykubmZgYEBoqOjSUpKYu7cuezbt4/CwkLMZnNQ4oZcuKqqfPDBB/z2228sWrSI8PBw9Ho9DQ0NLFu2LKixFUWhoaGBpqYmFi9ezKpVqwgLC6O+vp6YmBhSU1ODEvfs2bN8+OGHLF68mPnz5/Prr79SVVVFVlYWiqIEJaaXkAs/duwYXV1d5Ofno9frfX92u53du3eTmJgYtNjd3d1UVlby8ssvs3v3bhYuXIjFYqGqqorc3NygxPzjjz84cOAAr732GkajEb1eT3h4OBqNhl27dvHXX38FJa6XkApXFIW6ujpUVaW4uBi3243b7cZsNpOSkkJmZibt7e1Bi+9yudBoNJjNZnQ6HYODg5SXlxMXF8fSpUuDEvPcuXNERUVRVlaGoii+c05NTSUjIwO73R7Up3xGDtrGxsbo6uri3LlznD59msLCQsLCwgIeR1EUdu7cicPhQFVVwsLCSEpKYv369YSHhwc83mQ4HA4uXLhAY2MjDz30EEuWLAlKnJAL/2d4jUYz4T7ffPMNzc3NZGdns3DhwgmPnex4776TlQcq10DUcenSJT7//HPuuOMOsrKybijOtQhZk/7nn39SVlZGb28vcOXk77nnHp555hkMBoNvv46ODj766CNSUlJ8sp1OJ5WVlTQ2NvouoEajYfXq1eTk5Pi1BoqisH//fs6fP4/FYqGgoMCvfi+vvPIKw8PDvPHGGxiNRr+y3t5eKioqsNvtvm0Gg4Hc3FysVutVdb399tu0tLSwfft25syZ48ujurqaY8eO+XKOiIggLy+PO++80+/4d999l99//501a9ZM/YJOkZAI7+/v59VXXyU5OZkNGzYQHh6O3W7nvffeY+vWrezYsYOYmBg8Hg8HDx7EYrHw7LPPAnD06FGOHDmCoijce++9pKamotVqOXnyJNXV1Rw9epSioiJMJhMA9fX1jI2NUVpaSm1tLQcOHGDjxo1X5TQ+Po7L5bqq1aitraW6upqoqCgeeeQRYmNj6e/vp6amhj179mCz2di0aZPfMW63G5fL5bdt79699PT0kJeXR0JCAk6nk48//piSkhLWrVvHihUrADh8+DAOh4ONGzf6ziGQhET48ePHiY+P54UXXvBts1qtbNmyheLiYk6fPs3y5ct555138Hg8bNmyhYiICABWrFiBqqpkZmYSGRnpOz49PZ1ffvmFvXv38sknn/Dcc88BV1oSk8mE0WjEYrHQ0tIy5Ty7u7upqalh2bJlPPXUU36TIRkZGezbt4+mpib6+vqwWCzXrKejo4PW1lZef/11Zs2ahUajwWQysWHDBl588UUOHTrE8uXL+eKLL/j666/Jzc3FZrNNOc/pEJK59M7OTgYHB9m8eTPbtm3D6XQCUFdXh16vx2q10tXVhd1uJz093dcsAphMJnJycvxke7n77ruJj4/np59+8i26ZGZm0traSkFBAYcPH55Wng0NDXg8Hmw221WDRp1Ox7p164Arr5aT0dfXB0BxcTGbNm2itrYWgNbWVgAeffRRNBoNp06dYt68eSQnJ9/0eONahER4bGwsOp2OXbt2cdttt3H27FmqqqpobGzkpZdeIiEhAavVSmpqKl9++SXDw8N+x58/f54333yTsrIyOjs7/coMBgOqqvpuIrPZTFFREfn5+Xg8nmnlef/995OTk0NlZSUFBQX8/PPPfuXevv7ChQuT1mMymRgfH2fr1q3k5eVx8uRJ+vv72bNnDytXruSBBx5Ao9Gwfv16enp6OHPmzLTynA4hEZ6VlcXw8DAHDx6kpaWFpKQkvvvuOywWi99Ei8FgwOPx+C2RDg8Ps3//flavXk12djalpaXXfW/V6/XMnj172nkmJSWRnZ2N1WpFVVUGBgb8yr1P4fUmS+666y4SExM5dOgQn376qe98NRoNjz32mG+/mJgYAIaGhqad61QJSR++YMECCgsLuXjxIjk5OcyZMwe3201iYiJa7eT3oNPpRK/XY7PZcLlceDyeqwZagcLlclFSUoLZbGbHjh2+ccR00el0bN68mebmZsLDw1myZAnl5eXodLpb/r4fsteyuLg44uLifJ9VVZ3SCpGqqoyMjLB9+3Y8Hg9Lly697k1yo3R1dXH58mWysrJuWLaXyMhIUlJSfJ/dbvfNpndDhHwufTK8F2UioQkJCTz88MPEx8cHJNY/3+e9eJvqM2fO0N/fT1ZWFnPnzr1uXd4uZroDr7GxMYCgzCp6mbHfeFEUhe7ubnQ6HdHR0b7tXvk6nW5C2ROJm0osl8vlW8j4JxEREaxcuRK3201FRcWU6hoYGECv1xMVFTXlHAB++OEHgCndVDdKyJ/wtrY24H9NdVtbG06nk4aGBjo7O8nIyPBrTo1GI1qtlqamJlpbW/3Eejwe+vv7MRgMfhfbbrczMjICXBkDeGMCjI6OUltby9jYGGvXrvXrVvR6PfHx8aSnp5OYmEh5efmE5+B2u31519XVcenSJR588MEJ++eRkRF6e3sZHR1FURTa2tpQFIWOjg6OHDlCZGQkixYtusGreX1COpeuqqrf5IsXrVbLrFmzsFqtPPnkk+j1er/yb7/9lpqaGoaGhvxG6FqtltmzZ7N27VrS0tJ820tKSq656hYWFkZ0dDRpaWmsWbPGr/sYGxujqKgIi8XC5cuXsVqtPPHEE75yl8tFXl6eX3yTyURycjKPP/74hGOSH3/8ccIbJyIigtjYWHJzc5k/f/6EuQaCkC+ezHS8XYvRaPSbAPq3IoXfBKqqUl9fz6lTp7jvvvvIzs5Gq9XS19fHiRMnWLVq1Yy7SWbsoO3fQHt7O1999RXbtm3j+PHjtLe3o6oqFRUV9PT0zDjZIIXfFG63m6ioKBRFwWg0otFoeP/997Hb7Tz99NOhTm9CZJN+EyiKQmlpKZ2dnSiKglarxWaz8fzzz9/0RE2wkMJvElVVcblcKIpCWFjYLZ8qnS5SuGDIPlwwpHDBkMIFQwoXDClcMKRwwZDCBUMKFwwpXDCkcMGQwgVDChcMKVwwpHDBkMIFQwoXDClcMKRwwZDCBSNg/1u2c+fOQFUlCSIBE+5wOAJVlSSIBOxbq///M1WSmYn8mrJgyEGbYEjhgiGFC4YULhhSuGBI4YIhhQuGFC4YUrhgSOGCIYULhhQuGFK4YEjhgiGFC8bf8Zz4UtddheEAAAAASUVORK5CYII=\"]', 'test33', 0, '2023-10-08 01:29:25');
INSERT INTO `Damage` (`id`, `bp_id`, `user_id`, `dm_brand`, `dm_color`, `dm_details`, `dm_picture`, `dm_vehicle`, `dm_status`, `dm_datedestroy`) VALUES (17, 6, 14, 'test', 'test', 'test', '[\"iVBORw0KGgoAAAANSUhEUgAAAHwAAABiCAYAAACSwrdVAAABJGlDQ1BTa2lhAAAokX2RvUvDQBjGf5Yufg2ig4NDxi5KVVAHXaoQdJJYodUpTdMqNDFcUqpzV/8IN2fH4tC1oyA4Cf4L4uBan7RDCqU+x3v3u4f3Pt47yK0j5YsQhIlx7JJVqV5ZTMj14ojZmoPfj7SH981/8mZpvu7HnsZvRWJ0uLasi9eaY75PuTbmx5RN2TkWP4kLzQmuTXAniRLxIM33IpPyp/gwaLW97N4s+eHlhcaKYoMYB5sSFmUMLqGcBr7YosMtCTeiE1FMREsZD5qfs6ve1iygrZwpZe/Z/YKj/nA4fM28sz687MNCL/MKB7CyCINe5Bp3ZOUVuUYDfp5huQqrb1pzPX1G9hczarVGtdrcqTVVhS/nVLV6bIl2KLLN3h/Ly02cJnerCAAAAARzQklUCAgICHwIZIgAAAqbSURBVHic7Zx/TJT1H8Bfd9zBcXh4eCKIhRVOuysEWs6JjDloY7nV1pqz2ipr1JqJMk0brdiUYURomjWbhDVXWw5aQrUxQ8nRD8nSP0wskF9ycYQhP6PjuHue/nB33+4rIuidR30+r40/7vk8z+f9fp7X83w+n+fzOU6jqqqKRBi0oU5AcmuRwgVDChcMKVwwpHDBkMIFQwoXDClcMKRwwZDCBUMKFwwpXDCkcMGQwgVDChcMKVwwpHDBkMIFQwoXDClcMKRwwZDCBUMKFwwpXDCkcMGQwgVDChcMKVwwpHDBmNHCP/vsM956661Qp/GfYkYLdzqdjI6OhjqN/xQzWrgk8OhCncBkzJs3j/Hx8VCn8Z9CMxN/AcLhcBAREYFer2doaIgFCxaEOqVbRnt7O7fffjs6XXCexRnzhF+8eJH29nbcbjfff/89aWlpJCQkcOLECfLz80OdXsAZHBykubmZgYEBoqOjSUpKYu7cuezbt4/CwkLMZnNQ4oZcuKqqfPDBB/z2228sWrSI8PBw9Ho9DQ0NLFu2LKixFUWhoaGBpqYmFi9ezKpVqwgLC6O+vp6YmBhSU1ODEvfs2bN8+OGHLF68mPnz5/Prr79SVVVFVlYWiqIEJaaXkAs/duwYXV1d5Ofno9frfX92u53du3eTmJgYtNjd3d1UVlby8ssvs3v3bhYuXIjFYqGqqorc3NygxPzjjz84cOAAr732GkajEb1eT3h4OBqNhl27dvHXX38FJa6XkApXFIW6ujpUVaW4uBi3243b7cZsNpOSkkJmZibt7e1Bi+9yudBoNJjNZnQ6HYODg5SXlxMXF8fSpUuDEvPcuXNERUVRVlaGoii+c05NTSUjIwO73R7Up3xGDtrGxsbo6uri3LlznD59msLCQsLCwgIeR1EUdu7cicPhQFVVwsLCSEpKYv369YSHhwc83mQ4HA4uXLhAY2MjDz30EEuWLAlKnJAL/2d4jUYz4T7ffPMNzc3NZGdns3DhwgmPnex4776TlQcq10DUcenSJT7//HPuuOMOsrKybijOtQhZk/7nn39SVlZGb28vcOXk77nnHp555hkMBoNvv46ODj766CNSUlJ8sp1OJ5WVlTQ2NvouoEajYfXq1eTk5Pi1BoqisH//fs6fP4/FYqGgoMCvfi+vvPIKw8PDvPHGGxiNRr+y3t5eKioqsNvtvm0Gg4Hc3FysVutVdb399tu0tLSwfft25syZ48ujurqaY8eO+XKOiIggLy+PO++80+/4d999l99//501a9ZM/YJOkZAI7+/v59VXXyU5OZkNGzYQHh6O3W7nvffeY+vWrezYsYOYmBg8Hg8HDx7EYrHw7LPPAnD06FGOHDmCoijce++9pKamotVqOXnyJNXV1Rw9epSioiJMJhMA9fX1jI2NUVpaSm1tLQcOHGDjxo1X5TQ+Po7L5bqq1aitraW6upqoqCgeeeQRYmNj6e/vp6amhj179mCz2di0aZPfMW63G5fL5bdt79699PT0kJeXR0JCAk6nk48//piSkhLWrVvHihUrADh8+DAOh4ONGzf6ziGQhET48ePHiY+P54UXXvBts1qtbNmyheLiYk6fPs3y5ct555138Hg8bNmyhYiICABWrFiBqqpkZmYSGRnpOz49PZ1ffvmFvXv38sknn/Dcc88BV1oSk8mE0WjEYrHQ0tIy5Ty7u7upqalh2bJlPPXUU36TIRkZGezbt4+mpib6+vqwWCzXrKejo4PW1lZef/11Zs2ahUajwWQysWHDBl588UUOHTrE8uXL+eKLL/j666/Jzc3FZrNNOc/pEJK59M7OTgYHB9m8eTPbtm3D6XQCUFdXh16vx2q10tXVhd1uJz093dcsAphMJnJycvxke7n77ruJj4/np59+8i26ZGZm0traSkFBAYcPH55Wng0NDXg8Hmw221WDRp1Ox7p164Arr5aT0dfXB0BxcTGbNm2itrYWgNbWVgAeffRRNBoNp06dYt68eSQnJ9/0eONahER4bGwsOp2OXbt2cdttt3H27FmqqqpobGzkpZdeIiEhAavVSmpqKl9++SXDw8N+x58/f54333yTsrIyOjs7/coMBgOqqvpuIrPZTFFREfn5+Xg8nmnlef/995OTk0NlZSUFBQX8/PPPfuXevv7ChQuT1mMymRgfH2fr1q3k5eVx8uRJ+vv72bNnDytXruSBBx5Ao9Gwfv16enp6OHPmzLTynA4hEZ6VlcXw8DAHDx6kpaWFpKQkvvvuOywWi99Ei8FgwOPx+C2RDg8Ps3//flavXk12djalpaXXfW/V6/XMnj172nkmJSWRnZ2N1WpFVVUGBgb8yr1P4fUmS+666y4SExM5dOgQn376qe98NRoNjz32mG+/mJgYAIaGhqad61QJSR++YMECCgsLuXjxIjk5OcyZMwe3201iYiJa7eT3oNPpRK/XY7PZcLlceDyeqwZagcLlclFSUoLZbGbHjh2+ccR00el0bN68mebmZsLDw1myZAnl5eXodLpb/r4fsteyuLg44uLifJ9VVZ3SCpGqqoyMjLB9+3Y8Hg9Lly697k1yo3R1dXH58mWysrJuWLaXyMhIUlJSfJ/dbvfNpndDhHwufTK8F2UioQkJCTz88MPEx8cHJNY/3+e9eJvqM2fO0N/fT1ZWFnPnzr1uXd4uZroDr7GxMYCgzCp6mbHfeFEUhe7ubnQ6HdHR0b7tXvk6nW5C2ROJm0osl8vlW8j4JxEREaxcuRK3201FRcWU6hoYGECv1xMVFTXlHAB++OEHgCndVDdKyJ/wtrY24H9NdVtbG06nk4aGBjo7O8nIyPBrTo1GI1qtlqamJlpbW/3Eejwe+vv7MRgMfhfbbrczMjICXBkDeGMCjI6OUltby9jYGGvXrvXrVvR6PfHx8aSnp5OYmEh5efmE5+B2u31519XVcenSJR588MEJ++eRkRF6e3sZHR1FURTa2tpQFIWOjg6OHDlCZGQkixYtusGreX1COpeuqqrf5IsXrVbLrFmzsFqtPPnkk+j1er/yb7/9lpqaGoaGhvxG6FqtltmzZ7N27VrS0tJ820tKSq656hYWFkZ0dDRpaWmsWbPGr/sYGxujqKgIi8XC5cuXsVqtPPHEE75yl8tFXl6eX3yTyURycjKPP/74hGOSH3/8ccIbJyIigtjYWHJzc5k/f/6EuQaCkC+ezHS8XYvRaPSbAPq3IoXfBKqqUl9fz6lTp7jvvvvIzs5Gq9XS19fHiRMnWLVq1Yy7SWbsoO3fQHt7O1999RXbtm3j+PHjtLe3o6oqFRUV9PT0zDjZIIXfFG63m6ioKBRFwWg0otFoeP/997Hb7Tz99NOhTm9CZJN+EyiKQmlpKZ2dnSiKglarxWaz8fzzz9/0RE2wkMJvElVVcblcKIpCWFjYLZ8qnS5SuGDIPlwwpHDBkMIFQwoXDClcMKRwwZDCBUMKFwwpXDCkcMGQwgVDChcMKVwwpHDBkMIFQwoXDClcMKRwwZDCBSNg/1u2c+fOQFUlCSIBE+5wOAJVlSSIBOxbq///M1WSmYn8mrJgyEGbYEjhgiGFC4YULhhSuGBI4YIhhQuGFC4YUrhgSOGCIYULhhQuGFK4YEjhgiGFC8bf8Zz4UtddheEAAAAASUVORK5CYII=\", \"iVBORw0KGgoAAAANSUhEUgAAAHwAAABiCAYAAACSwrdVAAABJGlDQ1BTa2lhAAAokX2RvUvDQBjGf5Yufg2ig4NDxi5KVVAHXaoQdJJYodUpTdMqNDFcUqpzV/8IN2fH4tC1oyA4Cf4L4uBan7RDCqU+x3v3u4f3Pt47yK0j5YsQhIlx7JJVqV5ZTMj14ojZmoPfj7SH981/8mZpvu7HnsZvRWJ0uLasi9eaY75PuTbmx5RN2TkWP4kLzQmuTXAniRLxIM33IpPyp/gwaLW97N4s+eHlhcaKYoMYB5sSFmUMLqGcBr7YosMtCTeiE1FMREsZD5qfs6ve1iygrZwpZe/Z/YKj/nA4fM28sz687MNCL/MKB7CyCINe5Bp3ZOUVuUYDfp5huQqrb1pzPX1G9hczarVGtdrcqTVVhS/nVLV6bIl2KLLN3h/Ly02cJnerCAAAAARzQklUCAgICHwIZIgAAAqbSURBVHic7Zx/TJT1H8Bfd9zBcXh4eCKIhRVOuysEWs6JjDloY7nV1pqz2ipr1JqJMk0brdiUYURomjWbhDVXWw5aQrUxQ8nRD8nSP0wskF9ycYQhP6PjuHue/nB33+4rIuidR30+r40/7vk8z+f9fp7X83w+n+fzOU6jqqqKRBi0oU5AcmuRwgVDChcMKVwwpHDBkMIFQwoXDClcMKRwwZDCBUMKFwwpXDCkcMGQwgVDChcMKVwwpHDBkMIFQwoXDClcMKRwwZDCBUMKFwwpXDCkcMGQwgVDChcMKVwwpHDBmNHCP/vsM956661Qp/GfYkYLdzqdjI6OhjqN/xQzWrgk8OhCncBkzJs3j/Hx8VCn8Z9CMxN/AcLhcBAREYFer2doaIgFCxaEOqVbRnt7O7fffjs6XXCexRnzhF+8eJH29nbcbjfff/89aWlpJCQkcOLECfLz80OdXsAZHBykubmZgYEBoqOjSUpKYu7cuezbt4/CwkLMZnNQ4oZcuKqqfPDBB/z2228sWrSI8PBw9Ho9DQ0NLFu2LKixFUWhoaGBpqYmFi9ezKpVqwgLC6O+vp6YmBhSU1ODEvfs2bN8+OGHLF68mPnz5/Prr79SVVVFVlYWiqIEJaaXkAs/duwYXV1d5Ofno9frfX92u53du3eTmJgYtNjd3d1UVlby8ssvs3v3bhYuXIjFYqGqqorc3NygxPzjjz84cOAAr732GkajEb1eT3h4OBqNhl27dvHXX38FJa6XkApXFIW6ujpUVaW4uBi3243b7cZsNpOSkkJmZibt7e1Bi+9yudBoNJjNZnQ6HYODg5SXlxMXF8fSpUuDEvPcuXNERUVRVlaGoii+c05NTSUjIwO73R7Up3xGDtrGxsbo6uri3LlznD59msLCQsLCwgIeR1EUdu7cicPhQFVVwsLCSEpKYv369YSHhwc83mQ4HA4uXLhAY2MjDz30EEuWLAlKnJAL/2d4jUYz4T7ffPMNzc3NZGdns3DhwgmPnex4776TlQcq10DUcenSJT7//HPuuOMOsrKybijOtQhZk/7nn39SVlZGb28vcOXk77nnHp555hkMBoNvv46ODj766CNSUlJ8sp1OJ5WVlTQ2NvouoEajYfXq1eTk5Pi1BoqisH//fs6fP4/FYqGgoMCvfi+vvPIKw8PDvPHGGxiNRr+y3t5eKioqsNvtvm0Gg4Hc3FysVutVdb399tu0tLSwfft25syZ48ujurqaY8eO+XKOiIggLy+PO++80+/4d999l99//501a9ZM/YJOkZAI7+/v59VXXyU5OZkNGzYQHh6O3W7nvffeY+vWrezYsYOYmBg8Hg8HDx7EYrHw7LPPAnD06FGOHDmCoijce++9pKamotVqOXnyJNXV1Rw9epSioiJMJhMA9fX1jI2NUVpaSm1tLQcOHGDjxo1X5TQ+Po7L5bqq1aitraW6upqoqCgeeeQRYmNj6e/vp6amhj179mCz2di0aZPfMW63G5fL5bdt79699PT0kJeXR0JCAk6nk48//piSkhLWrVvHihUrADh8+DAOh4ONGzf6ziGQhET48ePHiY+P54UXXvBts1qtbNmyheLiYk6fPs3y5ct555138Hg8bNmyhYiICABWrFiBqqpkZmYSGRnpOz49PZ1ffvmFvXv38sknn/Dcc88BV1oSk8mE0WjEYrHQ0tIy5Ty7u7upqalh2bJlPPXUU36TIRkZGezbt4+mpib6+vqwWCzXrKejo4PW1lZef/11Zs2ahUajwWQysWHDBl588UUOHTrE8uXL+eKLL/j666/Jzc3FZrNNOc/pEJK59M7OTgYHB9m8eTPbtm3D6XQCUFdXh16vx2q10tXVhd1uJz093dcsAphMJnJycvxke7n77ruJj4/np59+8i26ZGZm0traSkFBAYcPH55Wng0NDXg8Hmw221WDRp1Ox7p164Arr5aT0dfXB0BxcTGbNm2itrYWgNbWVgAeffRRNBoNp06dYt68eSQnJ9/0eONahER4bGwsOp2OXbt2cdttt3H27FmqqqpobGzkpZdeIiEhAavVSmpqKl9++SXDw8N+x58/f54333yTsrIyOjs7/coMBgOqqvpuIrPZTFFREfn5+Xg8nmnlef/995OTk0NlZSUFBQX8/PPPfuXevv7ChQuT1mMymRgfH2fr1q3k5eVx8uRJ+vv72bNnDytXruSBBx5Ao9Gwfv16enp6OHPmzLTynA4hEZ6VlcXw8DAHDx6kpaWFpKQkvvvuOywWi99Ei8FgwOPx+C2RDg8Ps3//flavXk12djalpaXXfW/V6/XMnj172nkmJSWRnZ2N1WpFVVUGBgb8yr1P4fUmS+666y4SExM5dOgQn376qe98NRoNjz32mG+/mJgYAIaGhqad61QJSR++YMECCgsLuXjxIjk5OcyZMwe3201iYiJa7eT3oNPpRK/XY7PZcLlceDyeqwZagcLlclFSUoLZbGbHjh2+ccR00el0bN68mebmZsLDw1myZAnl5eXodLpb/r4fsteyuLg44uLifJ9VVZ3SCpGqqoyMjLB9+3Y8Hg9Lly697k1yo3R1dXH58mWysrJuWLaXyMhIUlJSfJ/dbvfNpndDhHwufTK8F2UioQkJCTz88MPEx8cHJNY/3+e9eJvqM2fO0N/fT1ZWFnPnzr1uXd4uZroDr7GxMYCgzCp6mbHfeFEUhe7ubnQ6HdHR0b7tXvk6nW5C2ROJm0osl8vlW8j4JxEREaxcuRK3201FRcWU6hoYGECv1xMVFTXlHAB++OEHgCndVDdKyJ/wtrY24H9NdVtbG06nk4aGBjo7O8nIyPBrTo1GI1qtlqamJlpbW/3Eejwe+vv7MRgMfhfbbrczMjICXBkDeGMCjI6OUltby9jYGGvXrvXrVvR6PfHx8aSnp5OYmEh5efmE5+B2u31519XVcenSJR588MEJ++eRkRF6e3sZHR1FURTa2tpQFIWOjg6OHDlCZGQkixYtusGreX1COpeuqqrf5IsXrVbLrFmzsFqtPPnkk+j1er/yb7/9lpqaGoaGhvxG6FqtltmzZ7N27VrS0tJ820tKSq656hYWFkZ0dDRpaWmsWbPGr/sYGxujqKgIi8XC5cuXsVqtPPHEE75yl8tFXl6eX3yTyURycjKPP/74hGOSH3/8ccIbJyIigtjYWHJzc5k/f/6EuQaCkC+ezHS8XYvRaPSbAPq3IoXfBKqqUl9fz6lTp7jvvvvIzs5Gq9XS19fHiRMnWLVq1Yy7SWbsoO3fQHt7O1999RXbtm3j+PHjtLe3o6oqFRUV9PT0zDjZIIXfFG63m6ioKBRFwWg0otFoeP/997Hb7Tz99NOhTm9CZJN+EyiKQmlpKZ2dnSiKglarxWaz8fzzz9/0RE2wkMJvElVVcblcKIpCWFjYLZ8qnS5SuGDIPlwwpHDBkMIFQwoXDClcMKRwwZDCBUMKFwwpXDCkcMGQwgVDChcMKVwwpHDBkMIFQwoXDClcMKRwwZDCBSNg/1u2c+fOQFUlCSIBE+5wOAJVlSSIBOxbq///M1WSmYn8mrJgyEGbYEjhgiGFC4YULhhSuGBI4YIhhQuGFC4YUrhgSOGCIYULhhQuGFK4YEjhgiGFC8bf8Zz4UtddheEAAAAASUVORK5CYII=\"]', 'test', 2, '2023-10-08 01:34:11');
INSERT INTO `Damage` (`id`, `bp_id`, `user_id`, `dm_brand`, `dm_color`, `dm_details`, `dm_picture`, `dm_vehicle`, `dm_status`, `dm_datedestroy`) VALUES (18, 6, 6, 'test', 'test', 'test', '[]', 'test', 3, '2023-10-08 02:21:50');
COMMIT;

-- ----------------------------
-- Table structure for Notifications
-- ----------------------------
DROP TABLE IF EXISTS `Notifications`;
CREATE TABLE `Notifications` (
  `id` int NOT NULL AUTO_INCREMENT,
  `user_id` int DEFAULT '0',
  `noti_title` varchar(255) DEFAULT NULL,
  `noti_description` varchar(255) DEFAULT NULL,
  PRIMARY KEY (`id`),
  KEY `userIdKey Notification` (`user_id`),
  CONSTRAINT `userIdKey Notification` FOREIGN KEY (`user_id`) REFERENCES `User` (`user_id`) ON DELETE CASCADE ON UPDATE RESTRICT
) ENGINE=InnoDB AUTO_INCREMENT=15 DEFAULT CHARSET=tis620;

-- ----------------------------
-- Records of Notifications
-- ----------------------------
BEGIN;
INSERT INTO `Notifications` (`id`, `user_id`, `noti_title`, `noti_description`) VALUES (1, 6, 'รายแจ้งถูกยกเลิก', 'รายการที่คุณแจ้งไปยัง ร้านช่างจู๊ด ถูกยกเลิกแล้ว');
INSERT INTO `Notifications` (`id`, `user_id`, `noti_title`, `noti_description`) VALUES (2, 6, 'รายการแจ้งได้รับการยืนยัน', 'รายการที่คุณแจ้งไปยัง ร้านช่างจู๊ด ได้รับการยืนยันแล้ว');
INSERT INTO `Notifications` (`id`, `user_id`, `noti_title`, `noti_description`) VALUES (3, 6, 'รายการแจ้งได้รับการยืนยัน', 'รายการที่คุณแจ้งไปยัง ร้านช่างจู๊ด ได้รับการยืนยันแล้ว');
INSERT INTO `Notifications` (`id`, `user_id`, `noti_title`, `noti_description`) VALUES (4, 6, 'รายการแจ้งได้รับการยืนยัน', 'รายการที่คุณแจ้งไปยัง ร้านช่างจู๊ด ได้รับการยืนยันแล้ว');
INSERT INTO `Notifications` (`id`, `user_id`, `noti_title`, `noti_description`) VALUES (5, 6, 'รายการแจ้งได้รับการยืนยัน', 'รายการที่คุณแจ้งไปยัง ร้านช่างจู๊ด ได้รับการยืนยันแล้ว');
INSERT INTO `Notifications` (`id`, `user_id`, `noti_title`, `noti_description`) VALUES (6, 6, 'รายการแจ้งได้รับการยืนยัน', 'รายการที่คุณแจ้งไปยัง ร้านช่างจู๊ด ได้รับการยืนยันแล้ว');
INSERT INTO `Notifications` (`id`, `user_id`, `noti_title`, `noti_description`) VALUES (7, 6, 'รายการแจ้งได้รับการยืนยัน', 'รายการที่คุณแจ้งไปยัง ร้านช่างจู๊ด ได้รับการยืนยันแล้ว');
INSERT INTO `Notifications` (`id`, `user_id`, `noti_title`, `noti_description`) VALUES (8, 6, 'รายการแจ้งได้รับการยืนยัน', 'รายการที่คุณแจ้งไปยัง ร้านช่างจู๊ด ได้รับการยืนยันแล้ว');
INSERT INTO `Notifications` (`id`, `user_id`, `noti_title`, `noti_description`) VALUES (9, 6, 'รายการแจ้งถูกยกเลิก', 'รายการที่คุณแจ้งไปยัง ร้านซ่อมมอเตอร์ไซค์พี่บีมอ ถูกยกเลิกแล้ว');
INSERT INTO `Notifications` (`id`, `user_id`, `noti_title`, `noti_description`) VALUES (10, 6, 'รายการแจ้งได้รับการยืนยัน', 'รายการที่คุณแจ้งไปยัง ร้านซ่อมมอเตอร์ไซค์พี่บีมอ ได้รับการยืนยันแล้ว');
INSERT INTO `Notifications` (`id`, `user_id`, `noti_title`, `noti_description`) VALUES (11, 14, 'รายการแจ้งถูกยกเลิก', 'รายการที่คุณแจ้งไปยัง เออีโอ มอเตอร์สปอร์ต ถูกยกเลิกแล้ว');
INSERT INTO `Notifications` (`id`, `user_id`, `noti_title`, `noti_description`) VALUES (12, 14, 'รายการแจ้งได้รับการยืนยัน', 'รายการที่คุณแจ้งไปยัง เออีโอ มอเตอร์สปอร์ต ได้รับการยืนยันแล้ว');
INSERT INTO `Notifications` (`id`, `user_id`, `noti_title`, `noti_description`) VALUES (13, 6, 'รายการแจ้งได้รับการยืนยัน', 'รายการที่คุณแจ้งไปยัง เออีโอ มอเตอร์สปอร์ต ได้รับการยืนยันแล้ว');
INSERT INTO `Notifications` (`id`, `user_id`, `noti_title`, `noti_description`) VALUES (14, 6, 'รายการแจ้งเตือนสำเร็จงาน', 'รายการที่คุณแจ้งไปยัง เออีโอ มอเตอร์สปอร์ต สำเร็จงานเรียบร้อยแล้ว');
COMMIT;

-- ----------------------------
-- Table structure for User
-- ----------------------------
DROP TABLE IF EXISTS `User`;
CREATE TABLE `User` (
  `user_id` int NOT NULL AUTO_INCREMENT,
  `user_username` varchar(30) DEFAULT NULL,
  `user_password` varchar(30) DEFAULT NULL,
  `user_firstname` varchar(50) DEFAULT NULL,
  `user_lastname` varchar(50) DEFAULT NULL,
  `user_phone` char(10) DEFAULT NULL,
  `user_picture` binary(1) DEFAULT NULL,
  `user_lat` varchar(12) DEFAULT NULL,
  `user_lng` varchar(12) DEFAULT NULL,
  `user_email` varchar(50) DEFAULT NULL,
  `user_role` varchar(255) CHARACTER SET tis620 COLLATE tis620_thai_ci DEFAULT NULL,
  PRIMARY KEY (`user_id`)
) ENGINE=InnoDB AUTO_INCREMENT=15 DEFAULT CHARSET=tis620;

-- ----------------------------
-- Records of User
-- ----------------------------
BEGIN;
INSERT INTO `User` (`user_id`, `user_username`, `user_password`, `user_firstname`, `user_lastname`, `user_phone`, `user_picture`, `user_lat`, `user_lng`, `user_email`, `user_role`) VALUES (6, 'test', '15321532', NULL, NULL, '0616450118', NULL, '7.0020883333', '100.49074833', 'test1532@gmail.com', 'User');
INSERT INTO `User` (`user_id`, `user_username`, `user_password`, `user_firstname`, `user_lastname`, `user_phone`, `user_picture`, `user_lat`, `user_lng`, `user_email`, `user_role`) VALUES (7, 'store1', '15321532', NULL, NULL, '0985467890', NULL, NULL, NULL, 'store1@gmail.com', 'Store');
INSERT INTO `User` (`user_id`, `user_username`, `user_password`, `user_firstname`, `user_lastname`, `user_phone`, `user_picture`, `user_lat`, `user_lng`, `user_email`, `user_role`) VALUES (8, 'store2', '15321532', NULL, NULL, '0984593289', NULL, NULL, NULL, 'store2@gmail.com', 'Store');
INSERT INTO `User` (`user_id`, `user_username`, `user_password`, `user_firstname`, `user_lastname`, `user_phone`, `user_picture`, `user_lat`, `user_lng`, `user_email`, `user_role`) VALUES (9, 'store3', '15321532', NULL, NULL, '0897658909', NULL, '7.0020883333', '100.49074833', 'store3@gmail.com', 'Store');
INSERT INTO `User` (`user_id`, `user_username`, `user_password`, `user_firstname`, `user_lastname`, `user_phone`, `user_picture`, `user_lat`, `user_lng`, `user_email`, `user_role`) VALUES (10, 'store4', '15321532', NULL, NULL, '0945890982', NULL, NULL, NULL, 'store4@gmail.com', 'Store');
INSERT INTO `User` (`user_id`, `user_username`, `user_password`, `user_firstname`, `user_lastname`, `user_phone`, `user_picture`, `user_lat`, `user_lng`, `user_email`, `user_role`) VALUES (11, 'store5', '15321532', NULL, NULL, '0989789098', NULL, NULL, NULL, 'store5@gmail.com', 'Store');
INSERT INTO `User` (`user_id`, `user_username`, `user_password`, `user_firstname`, `user_lastname`, `user_phone`, `user_picture`, `user_lat`, `user_lng`, `user_email`, `user_role`) VALUES (12, 'store6', '15321532', NULL, NULL, '0985664732', NULL, NULL, NULL, 'store6@gmail.com', 'Store');
INSERT INTO `User` (`user_id`, `user_username`, `user_password`, `user_firstname`, `user_lastname`, `user_phone`, `user_picture`, `user_lat`, `user_lng`, `user_email`, `user_role`) VALUES (13, 'store7', '15321532', NULL, NULL, '0657556849', NULL, NULL, NULL, 'store7@gmail.com', 'Store');
INSERT INTO `User` (`user_id`, `user_username`, `user_password`, `user_firstname`, `user_lastname`, `user_phone`, `user_picture`, `user_lat`, `user_lng`, `user_email`, `user_role`) VALUES (14, 'test2', '15321532', NULL, NULL, '0898989898', NULL, '7.0020883333', '100.49074833', 'test2@gmail.com', 'User');
COMMIT;

SET FOREIGN_KEY_CHECKS = 1;
